year,class_group,cty_mc_PC,cty_mc_parcels,cty_mc_PC_residential,cty_mc_PC_industrial,cty_mc_PC_commercial,cty_mc_PC_com_incent,cty_mc_PC_com_incent_inTIF,cty_mc_PC_ind_incent,cty_mc_PC_ind_incent_inTIF,cty_mc_PC_inTIF,cty_mc_PC_withTIFincrement,cty_mc_PC_withincents,cty_mc_PC_incents_inTIFs,cty_mc_PC_claimed_exe,cty_mc_PC_comandind,cty_mc_PC_comandind_inTIF,cty_mc_fmv_incentive,cty_mc_fmv_taxed,cty_mc_fmv_incents_inTIFs,cty_mc_fmv_inTIF,cty_mc_fmv_incents_tif_increment,cty_mc_fmv_tif_increment,cty_mc_fmv_untaxable_value,cty_mc_fmv,cty_mc_fmv_exemptions,cty_mc_fmv_abatements,cty_mc_zero_bill,cty_mc_fmv_residential,cty_mc_fmv_c2,cty_mc_fmv_industrial,cty_mc_fmv_indwithincent,cty_mc_fmv_ind_incent_inTIF,cty_mc_fmv_commercial,cty_mc_fmv_comwithincent,cty_mc_fmv_com_incent_inTIF,cty_mc_fmv_comandind,cty_mc_levy,cty_mc_current_rate_avg,cty_mc_avg_C2_bill_noexe,cty_mc_avg_C2_bill_withexe,cty_mc_av_taxed,cty_mc_av_taxed_commerc,cty_mc_av_taxed_indust,cty_mc_untaxable_value_av,cty_mc_av,cty_mc_final_tax_to_dist,cty_mc_final_tax_to_tif,cty_mc_tif_revenue_gross_bill_allocated,cty_mc_tif_revenue_to_cps_bill_allocated,cty_mc_tif_revenue_to_other_districts_bill_allocated,cty_mc_taxed_eav,cty_mc_taxed_eav_commerc,cty_mc_taxed_eav_indust,exempt_allexemptions_eav,exempt_GHE_eav,exempt_SR_eav,exempt_FR_eav,exempt_LTHO_eav,exempt_DIS_eav,exempt_VET_eav,total_value_eav,untaxable_value_eav,has_HO_exemp,has_SR_exemp,has_FR_exemp,has_LTHO_exemp,has_DI_exemp,has_VR_exemp,has_DV_exemp,has_AB_exemp,cty_mc_taxable_value_fmv,cty_mc_pct_fmv_untaxable,cty_mc_pct_fmv_taxed,cty_mc_pct_fmv_incentinTIF,cty_mc_pct_fmv_incents_tif_increment,cty_mc_pct_av_taxed,cty_mc_pct_av_untaxable,cty_mc_pct_incent_oftotalPC,cty_mc_pct_incent_ofcomPC,cty_mc_pct_incent_ofindPC,cty_mc_pct_PC_incent_inTIF
2006,0,91980,91432,0,0,0,0,0,0,0,26285,25659,0,0,0,0,0,0,0,0,0,0,0,0,0,0,0,91980,0,0,0,0,0,0,0,0,0,0,0.07107062339639052,NA,NA,0,0,0,0,0,0,0,0,0,0,0,0,0,0,0,0,0,0,0,0,0,0,0,0,0,0,0,0,0,0,0,NA,NA,NA,NA,NA,NA,0,NA,NA,NA
2006,1,70988,70948,0,0,0,0,0,0,0,16463,16210,0,0,5,0,0,0,3043969046.0954933,0,1085621022.7272727,0,644124852.4595331,644141240.6731808,3688328186.363636,15669.697417370633,718.5162304086814,2976,0,0,0,0,0,0,0,0,0,127335846.98901932,0.0768429086606187,NA,NA,669673190.1410085,0,0,141711072.9480998,811432201,127335846.98901932,23430332.42098069,23430332.42098069,0,0,1813207129.6257944,0,0,9762,0,0,0,0,0,9334,2197033827.4275994,383696901.1142749,0,0,0,0,0,0,4,1,3044186945.6904554,0.17464314673913192,0.8252977751138183,NA,NA,0.8252977751138182,0.17464314673913192,0,NA,NA,NA
2006,2,1492619,1137072,1492619,0,0,0,0,0,0,81649,81197,0,0,1018445,0,0,0,188970696551.52725,0,11617349150,0,7143154088.556823,57272857233.27906,246370107418.75,50110180591.20625,1572139.5331659035,6901,246370107418.75,246370107418.75,0,0,0,0,0,0,0,5538802214.24039,0.07152702029787908,3827.463085365288,3835.740481066724,30236999965.293003,0,0,9164019929.204153,39421268476,5538802214.24039,182571981.03961006,182571981.03961006,0,0,81869701106.02731,0,0,21709240808,16800133805,841986635,4064020755,0,0,2418537,106737026525.61758,24812500360.313164,1018311,241132,119039,0,0,0,94,13,189097250185.47095,0.2324667462028322,0.7670195809523994,NA,NA,0.7670225016656058,0.23246385221681248,0,NA,NA,NA
2006,3,18156,16520,18156,0,0,0,0,0,0,2706,2634,0,0,70,0,0,0,10731599949.014687,0,1197091370.8333335,0,685883438.3310144,692945455.1232536,11434721708.333334,2039441.4487615111,5022575.343477619,26,11434721708.333334,0,0,0,0,0,0,0,0,431250220.0354547,0.0658338306895792,NA,NA,2575583987.763525,0,0,166306909.22958085,2744333210,431250220.0354547,26516238.974545315,26516238.974545315,0,0,6973651205.268519,0,0,4589068,936035,389243,0,0,0,0,7430556599.395999,450292587.43001306,21,44,0,0,0,0,0,12,10741776253.210081,0.06060011540274326,0.9385099369050468,NA,NA,0.9385099369050469,0.06060011540274326,0,NA,NA,NA
2006,4,971,879,0,50,921,0,0,0,0,212,202,0,0,0,971,212,0,524487699.19824564,0,135928726.6666667,0,47904132.41981169,47904132.41981169,572671580,0,0,2,0,0,52285393.333333336,0,0,520386186.6666667,0,0,572671580,27904990.232084356,0.07236472708547889,NA,NA,157346309.75947368,142522500.99444762,14823808.765026076,14371239.725943508,171801474,27904990.232084356,2406933.867915643,2406933.867915643,0,0,426030868.3047509,385893923.69256634,40136944.6121846,0,0,0,0,0,0,0,465169671.0024,38911568.681964636,0,0,0,0,0,0,0,0,524767447.58018833,0.08365027022959946,0.9158612327125534,NA,NA,0.9158612327125534,0.08365027022959948,0,0,0,NA
2006,5A,68040,64939,0,0,68040,0,0,0,0,21619,21152,0,0,450,68040,21619,0,40560981823.65104,0,14740309018.421053,0,7141090117.030791,7197407529.61603,48134339557.89474,10272518.485977095,46044894.09926056,171,0,0,0,0,0,48134339557.89474,0,0,48134339557.89474,2635424156.6399903,0.07062493694885362,NA,NA,15413173092.987394,15413173092.987394,0,2735014861.2540913,18291049032,2635424156.6399903,459404253.6000096,459404253.6000096,0,0,41732707466.57266,41732707466.57266,0,57944310,8261487,1185799,1121985,0,0,0,49524844359.0432,7405326238.331576,172,48,23,0,0,0,0,273,40936932028.27871,0.14952750148278598,0.8426620619748058,NA,NA,0.8426620619748058,0.14952750148278598,0,0,NA,NA
2006,5B,25695,25229,0,25695,0,0,0,0,0,9477,9238,0,0,142,25695,9477,0,10049821241.28329,0,2726667211.111111,0,1354664796.498719,1388578170.991915,11410249933.333334,100811.91214852023,33812562.58104759,25,0,0,11410249933.333334,0,0,0,0,0,11410249933.333334,721436991.4225043,0.07053988986184083,NA,NA,3617935646.8619847,0,3617935646.8619847,499888141.5570894,4107689976,721436991.4225043,83432749.27749573,83432749.27749573,0,0,9795922557.443508,0,9795922557.443508,33056587,84265,14000,0,0,0,0,11121981379.0176,1353497132.0799751,19,4,0,0,0,0,0,123,10021671762.34142,0.12169568406520107,0.8807713503211043,NA,NA,0.8807713503211043,0.12169568406520108,0,NA,0,NA
2006,6,1169,1150,0,1169,0,0,0,1169,396,396,383,1169,396,40,1169,396,2580981268.3333335,2133927024.778638,774241172.5,774241172.5,439951346.19334435,439951346.19334435,1669784187.6712859,2580981268.3333335,11541.58664499926,33660303.405229725,0,0,0,2580981268.3333335,2580981268.3333335,774241172.5,0,0,0,2580981268.3333335,72039846.67440052,0.08159789563729683,NA,NA,342229531.3153501,0,342229531.3153501,267124151.4465277,413850426,72039846.67440052,12769271.585599473,12769271.585599473,0,0,926620678.9894419,0,926620678.9894419,14587182,5000,0,0,0,0,0,1120541413.4376,723265352.4566183,1,0,0,0,0,0,0,39,911197080.6620476,0.6469571120713896,0.8267890398742102,0.29997938458498213,0.17045894582467952,0.8269401450739358,0.645460617325854,1,NA,1,0.33875106928999144
2006,7A,38,38,0,0,38,38,32,0,0,32,32,38,32,0,38,32,9431852.355072463,4403290.69259679,6849085.978260869,6849085.978260869,5028559.536218174,5028559.536218174,5682327.27771009,9431852.355072463,0,0,0,0,0,0,0,0,9431852.355072463,9431852.355072463,6849085.978260869,9431852.355072463,199419.84225456644,0.06611894736842105,NA,NA,1025373.6797887853,1025373.6797887853,0,1047730.7276009613,1997656,199419.84225456644,163469.30774543356,163469.30774543356,0,0,2776301.7753961147,2776301.7753961147,0,0,0,0,0,0,0,0,5408853.3856,2836835.718052363,0,0,0,0,0,0,0,0,3749525.0773623725,0.6024614321548541,0.46685322530824974,0.7261655208774999,0.5331465492580371,0.5132884139155016,0.5244800544242659,1,1,NA,0.8421052631578947
2006,7B,48,48,0,0,48,48,47,0,0,47,47,48,47,0,48,47,103317306.25,43715665.23697171,103104768.75,103104768.75,59601628.054447606,59601628.054447606,84191689.7502442,103317306.25,0,0,0,0,0,0,0,0,103317306.25,103317306.25,103104768.75,103317306.25,1020151.3491173334,0.07341416666666667,NA,NA,6994506.437915475,6994506.437915475,0,13470670.360039072,16530769,1020151.3491173334,1387636.5108826666,1387636.5108826666,0,0,18938325.63129994,18938325.63129994,0,0,0,0,0,0,0,0,44758710.1444,36473187.06684179,0,0,0,0,0,0,0,0,19125616.4997558,0.8148846771761841,0.42312045119712666,0.9979428664207939,0.5768794233778003,0.4231204511971267,0.8148846771761842,1,1,NA,0.9791666666666666
2006,8A,121,106,0,0,121,121,31,0,0,31,24,121,31,7,121,31,74738012.5,59125122.03419672,23136550,23136550,15612883.98580451,15612883.98580451,49933025.06503795,74738012.5,0,1062259.934997784,0,0,0,0,0,0,74738012.5,74738012.5,23136550,74738012.5,3030527.9202132113,0.1196597520661157,NA,NA,9576001.181406345,9576001.181406345,0,7989284.010406072,12092509,3030527.9202132113,795986.0697867885,795986.0697867885,0,0,25927980.79877582,25927980.79877582,0,460188,0,0,0,0,0,0,32741677.368399996,21631785.38657548,0,0,0,0,0,0,0,7,24804987.43496205,0.6681074783068114,0.7910983990134434,0.30956870842665235,0.20890151428370549,0.7918953115028772,0.6606804270648938,1,1,NA,0.256198347107438
2006,8B,151,151,0,151,0,0,0,151,63,63,61,151,63,6,151,63,56559106.25,28739509.558534518,36461156.25,36461156.25,27781139.702108067,27781139.702108067,46595619.42414494,56559106.25,0,2648505.5953612057,0,0,0,56559106.25,56559106.25,36461156.25,0,0,0,56559106.25,1588047.259567348,0.12492364238410596,NA,NA,4598321.529365523,0,4598321.529365523,7455299.10786319,9049457,1588047.259567348,1357617.310432652,1357617.310432652,0,0,12450415.372910088,0,12450415.372910088,1147375,0,0,0,0,0,0,24502309.773199998,20185967.864450373,0,0,0,0,0,0,0,6,9963486.825855061,0.8238393870331877,0.5081323143880924,0.6446558064202084,0.4911877422410307,0.5081323143880924,0.8238393870331877,1,NA,1,0.41721854304635764
2006,9,1338,1338,0,0,0,0,0,0,0,316,311,0,0,0,0,0,0,852515818.5558529,0,226265893.75,0,134513369.64626816,134513369.64626816,993165862.5,0,0,0,0,0,0,0,0,0,0,0,0,23621628.04030923,0.06847366218236173,NA,NA,136402530.96893647,0,0,21522139.143402908,158906538,23621628.04030923,3355004.3496907684,3355004.3496907684,0,0,369323492.85149235,0,0,0,0,0,0,0,0,0,430255342.28879994,58273343.9446777,0,0,0,0,0,0,0,0,858652492.8537319,0.135438978246464,0.8583821199914157,NA,NA,0.8583821199914158,0.13543897824646403,0,NA,NA,NA
2007,0,91914,91365,0,0,0,0,0,0,0,27971,27338,0,0,0,0,0,0,0,0,0,0,0,0,0,0,0,91914,0,0,0,0,0,0,0,0,0,0,0.06782856779163131,NA,NA,0,0,0,0,0,0,0,0,0,0,0,0,0,0,0,0,0,0,0,0,0,0,0,0,0,0,0,0,0,0,0,NA,NA,NA,NA,NA,NA,0,NA,NA,NA
2007,1,69792,69762,0,0,0,0,0,0,0,17187,16875,0,0,6,0,0,0,2914860232.552174,0,1135642363.6363637,0,705044821.7443284,705060458.0823916,3620074259.090909,14918.693599378574,717.6444639083971,3116,0,0,0,0,0,0,0,0,0,121754171.83254944,0.07417853536221916,NA,NA,641298189.9617864,0,0,155130060.8611108,796462036,121754171.83254944,25301926.637450557,25301926.637450557,0,0,1823787922.4323244,0,0,57447,0,0,0,47664,0,9334,2265058384.1804004,441174380.082913,0,0,0,1,0,0,4,1,2915013801.0085173,0.19476408703821724,0.8051934916064866,NA,NA,0.8051836258040884,0.1947739551281146,0,NA,NA,NA
2007,2,1526710,1141060,1526710,0,0,0,0,0,0,98617,97942,0,0,1058956,0,0,0,204473204253.948,0,13766990100,0,8582166059.552516,65861160230.42041,270388085793.75,57258960500.98474,2032244.4530398396,7182,270388085793.75,270388085793.75,0,0,0,0,0,0,0,5836354756.308704,0.06722489987620438,3867.802624178521,4005.9595238234638,32716649172.407265,0,0,10538059030.340254,43263303612,5836354756.308704,214960265.87129563,214960265.87129563,0,0,93042878581.40903,0,0,26055153039,17466646290,909688761,4566490102,3102710724,3951837,4740605,123036509142.16681,29969186076.384678,984520,260010,110600,74286,2012,25,598,19,204526925563.3296,0.24358011203444374,0.7562212057298953,NA,NA,0.7562217038675846,0.2435796194587715,0,NA,NA,NA
2007,3,17636,15833,17636,0,0,0,0,0,0,2975,2923,0,0,39,0,0,0,10481601537.850119,0,1434314181.8181818,0,766912263.7696847,772022367.0529481,11257913513.636364,1239517.4360433335,3870585.8472200464,25,11257913513.636364,0,0,0,0,0,0,0,0,382164258.5280257,0.06393004422771603,NA,NA,2305952338.3270264,0,0,169844920.75164858,2476740973,382164258.5280257,26633985.0419743,26633985.0419743,0,0,6557897854.96823,0,0,3197177,408191,347900,0,19423,0,0,7043603653.1147,483021970.1256134,18,27,0,1,0,0,0,1,10485891146.583416,0.06857597245864619,0.9310429970130857,NA,NA,0.9310429970130859,0.06857597245864619,0,NA,NA,NA
2007,4,972,888,0,47,925,0,0,0,0,216,211,0,0,0,972,216,0,558421503.9585295,0,142777700,0,56038883.02758518,56038883.02758518,615956713.3333334,0,0,2,0,0,54868610,0,0,561088103.3333334,0,0,615956713.3333334,28853273.85991806,0.06786656378600824,NA,NA,167526451.18755883,151903221.38228136,15623229.805277467,16811664.908275552,184787014,28853273.85991806,2748546.9500819375,2748546.9500819375,0,0,476428474.53229856,431997571.28907,44430903.243228585,0,0,0,0,0,0,0,525515789.1146,47810693.83264484,0,0,0,0,0,0,0,0,559917830.3057482,0.0909786058249502,0.9065921222557275,NA,NA,0.9065921222557275,0.0909786058249502,0,0,0,NA
2007,5A,68784,65032,0,0,68784,0,0,0,0,23728,23370,0,0,431,68784,23728,0,41524284707.857346,0,15448762492.105263,0,7927223256.1727,7981756076.188209,49875565736.8421,12898049.564996917,41634770.450511806,188,0,0,0,0,0,49875565736.8421,0,0,49875565736.8421,2646562249.113816,0.06679767649453361,NA,NA,15779228188.985792,15779228188.985792,0,3033067308.9515195,18952714980,2646562249.113816,504647491.2861843,504647491.2861843,0,0,44874547046.65669,44874547046.65669,0,58932637,10768638,1340499,801075,1028478,0,0,53899626131.622,8625740119.927227,149,43,8,10,0,0,0,270,41893809660.65389,0.1600333942737063,0.8325576681566175,NA,NA,0.8325576681566175,0.1600333942737063,0,0,NA,NA
2007,5B,25301,24800,0,25301,0,0,0,0,0,10635,10414,0,0,144,25301,10635,0,10305210422.629728,0,3221919186.111111,0,1529942317.0020761,1566426776.918232,11839041108.333334,94510.27735777551,36389949.63879805,24,0,0,11839041108.333334,0,0,0,0,0,11839041108.333334,725107620.4071926,0.06683438875933757,NA,NA,3709875752.146702,0,3709875752.146702,563913639.6905634,4262054799,725107620.4071926,93709023.35280739,93709023.35280739,0,0,10550515651.530006,0,10550515651.530006,37352936,79260,17500,0,0,0,0,12120857642.8761,1603713999.9159935,18,5,0,0,0,0,0,125,10272614331.415102,0.132310274335955,0.8704429968889994,NA,NA,0.8704429968889994,0.13231027433595496,0,NA,0,NA
2007,6,1210,1192,0,1210,0,0,0,1210,431,431,423,1210,431,39,1210,431,2691667984.7222223,2218580973.233934,805899645.4166666,805899645.4166666,465576456.4218964,465576456.4218964,1749330222.142869,2691667984.7222223,10988.431379443722,37971368.54319772,0,0,0,2691667984.7222223,2691667984.7222223,805899645.4166666,0,0,0,2691667984.7222223,73717485.30622593,0.07798074380165289,NA,NA,355475548.0571076,0,355475548.0571076,280008097.4010615,431403043,73717485.30622593,13568111.183774069,13568111.183774069,0,0,1010936911.1196085,0,1010936911.1196085,17282884,5000,0,0,0,0,0,1226867113.9877,796315028.1988788,1,0,0,0,0,0,0,38,942337762.5793533,0.6499056466369489,0.8242402056369852,0.2994052944088625,0.1729694966334949,0.8239987033589553,0.6490637976354318,1,NA,1,0.35619834710743803
2007,7A,39,39,0,0,39,39,32,0,0,32,32,39,32,0,39,32,10530501.630434783,4955684.292932319,7319253.804347826,7319253.804347826,5574828.702007081,5574828.702007081,6459208.589377318,10530501.630434783,0,0,0,0,0,0,0,0,10530501.630434783,10530501.630434783,7319253.804347826,10530501.630434783,1256338.7816057405,0.06426051282051282,NA,NA,8458441.453533625,8458441.453533625,0,1358421.6810933352,9650999,1256338.7816057405,200076.24839425934,200076.24839425934,0,0,24054961.649704278,24054961.649704278,0,0,0,0,0,0,0,0,27446476.056100003,3863215.4188613356,0,0,0,0,0,0,0,0,4071293.0410574656,0.6133809020749024,0.47060287029533554,0.6950527202991021,0.5293982089034545,0.8764316993021785,0.1407545147495441,1,1,NA,0.8205128205128205
2007,7B,58,58,0,0,58,58,50,0,0,50,50,58,50,0,58,50,145408650,83033487.96128172,145103381.25,145103381.25,62375164.97310965,62375164.97310965,109081501.9513306,145408650,0,0,0,0,0,0,0,0,145408650,145408650,145103381.25,145408650,1912239.8742065844,0.07564,NA,NA,13285358.073805075,13285358.073805075,0,17453040.312212896,23265384,1912239.8742065844,1439876.3857934156,1439876.3857934156,0,0,37782229.826094255,37782229.826094255,0,0,0,0,0,0,0,0,66164425.5576,49634701.34390226,0,0,0,0,0,0,0,0,36327148.0486694,0.7501720286333076,0.5710354092502868,0.9979006149221522,0.42896461093002136,0.5710354092502868,0.7501720286333076,1,1,NA,0.8620689655172413
2007,8A,181,166,0,0,181,181,56,0,0,56,54,181,56,8,181,56,97665581.25,79535520.09598625,27748581.25,27748581.25,18130059.16220396,18130059.16220396,63991299.23764563,97665581.25,0,1122510.021449418,0,0,0,0,0,0,97665581.25,97665581.25,27748581.25,97665581.25,4296216.170672236,0.12345624309392265,NA,NA,12888439.575298438,12888439.575298438,0,10238607.878023302,16147964,4296216.170672236,1095262.1493277636,1095262.1493277636,0,0,36653433.308191225,36653433.308191225,0,510769,0,0,0,0,0,0,45923194.8196,29117576.944310468,0,0,0,0,0,0,0,8,33674282.01235437,0.6552082977302266,0.8143659114913243,0.28411832392591224,0.18563406811449207,0.7981464149473233,0.634049461469155,1,1,NA,0.30939226519337015
2007,8B,174,174,0,174,0,0,0,174,72,72,70,174,72,8,174,72,87121775,49345875.53684186,52929825,52929825,37734381.907169424,37734381.907169424,69003203.30896407,87121775,0,3511766.412321108,0,0,0,87121775,87121775,52929825,0,0,0,87121775,2788140.7982670246,0.1256532183908046,NA,NA,7895340.085894698,0,7895340.085894698,11040512.529434253,13939484,2788140.7982670246,1928959.9917329752,1928959.9917329752,0,0,22453557.670275934,0,22453557.670275934,1597938,0,0,0,0,0,0,39642498.5476,31398113.58245807,0,0,0,0,0,0,0,8,18118571.691035926,0.7920316512027455,0.5664011728048683,0.6075384139039867,0.43312228093572963,0.5664011728048685,0.7920316512027455,1,NA,1,0.41379310344827586
2007,9,1448,1448,0,0,0,0,0,0,0,377,376,0,0,0,0,0,0,915858857.382582,0,277127731.25,0,169525909.15003952,169525909.15003952,1091514993.75,0,0,0,0,0,0,0,0,0,0,0,0,25844832.17948721,0.06599138812154696,NA,NA,146537417.1812131,0,0,27124145.464006323,174642399,25844832.17948721,4145642.6305127917,4145642.6305127917,0,0,416737760.721652,0,0,0,0,0,0,0,0,0,496665518.5161,77138357.28508759,0,0,0,0,0,0,0,0,921989084.5999604,0.15531248779974857,0.8390712565807866,NA,NA,0.8390712565807866,0.15531248779974857,0,NA,NA,NA
2008,0,92548,91981,0,0,0,0,0,0,0,29264,28788,0,0,0,0,0,0,0,0,0,0,0,0,0,0,0,92548,0,0,0,0,0,0,0,0,0,0,0.06514357490167265,NA,NA,0,0,0,0,0,0,0,0,0,0,0,0,0,0,0,0,0,0,0,0,0,0,0,0,0,0,0,0,0,0,0,NA,NA,NA,NA,NA,NA,0,NA,NA,NA
2008,1,68934,68896,0,0,0,0,0,0,0,17996,17816,0,0,8,0,0,0,2975492054.942318,0,1156243872.7272727,0,712677211.449258,712734683.5380367,3688523327.272727,20599.976804233836,36872.11197450907,3344,0,0,0,0,0,0,0,0,0,125529855.4672037,0.07037571880349319,NA,NA,654608252.08731,0,0,156801630.37836808,811475132,125529855.4672037,26497497.762796298,26497497.762796298,0,0,1949816139.6672616,0,0,37661,0,4000,0,0,0,9499,2417059828.1752,467049336.24500716,0,1,0,0,0,0,4,3,2975788643.73469,0.193230358140375,0.8066892333150513,NA,NA,0.8066892333150512,0.193230358140375,0,NA,NA,NA
2008,2,1554886,1144023,1554886,0,0,0,0,0,0,111410,111224,0,0,1083379,0,0,0,214260120318.99207,0,15313679618.75,0,9588412982.998972,66495130645.34586,280815500637.5,56886069470.55664,2451185.120526422,7978,280815500637.5,280815500637.5,0,0,0,0,0,0,0,6168972152.583434,0.0644213860244417,3901.230485888863,4221.270622118391,34282244459.8578,0,0,10639300618.126951,44931185026,6168972152.583434,243721275.44656634,243721275.44656634,0,0,102113093348.13245,0,0,27111713963,17184739907,1084831587,5198286531,3625911010,10750356,6026396,133832027718.4436,31690220821.152912,995523,271549,113619,87700,5498,49,916,19,214320369992.15414,0.23679294944328344,0.7629924980372677,NA,NA,0.7629944422792309,0.23679100856054397,0,NA,NA,NA
2008,3,17466,15610,17466,0,0,0,0,0,0,3049,3008,0,0,33,0,0,0,10498131644.017126,0,1477289705,0,820635527.4131082,827186717.5695575,11328958600,1399785.1339555494,5151405.022493789,27,11328958600,0,0,0,0,0,0,0,0,354748818.01175344,0.06144236001374098,NA,NA,2099626328.8034253,0,0,165437343.51391152,2265791720,354748818.01175344,26723317.858246546,26723317.858246546,0,0,6253946982.973883,0,0,3902675,371056,404533,0,58291,0,0,6748887217.192,492771671.3905369,17,21,0,1,0,0,0,1,10501771882.430443,0.07301524763004762,0.9266634308308909,NA,NA,0.9266634308308909,0.07301524763004762,0,NA,NA,NA
2008,4,960,866,0,48,912,0,0,0,0,208,205,0,0,0,960,208,0,633621187.104449,0,114676723.33333334,0,42921061.8113946,42921061.8113946,678040373.3333334,0,0,2,0,0,51472463.333333336,0,0,626567910,0,0,678040373.3333334,33508863.812454347,0.06521228125,NA,NA,190145991.2077772,175622326.33941662,14523664.868360562,12876318.543418381,203471747,33508863.812454347,2339054.197545653,2339054.197545653,0,0,566368849.4114852,523108661.2345864,43260188.17689878,0,0,0,0,0,0,0,606060945.6142,38353402.41342599,0,0,0,0,0,0,0,0,635119311.5219388,0.06330163143588215,0.9344888770995834,NA,NA,0.9345080779582494,0.06328307852695825,0,0,0,NA
2008,5A,69300,65268,0,0,69300,0,0,0,0,23650,23394,0,0,411,69300,23650,0,43816764199.6276,0,13161662555.263157,0,6650958650.752578,6711348826.992209,51121900284.210526,13347786.137606151,47042390.10202603,204,0,0,0,0,0,51121900284.210526,0,0,51121900284.210526,2818845391.5069585,0.06379873347763348,NA,NA,16650370395.85849,16650370395.85849,0,2550312554.2570395,19426322108,2818845391.5069585,447067065.52304167,447067065.52304167,0,0,49594793261.1041,49594793261.1041,0,68353708,10925704,1811599,1058485,1312144,0,0,57863243030.8888,7596360974.110019,127,41,11,12,0,0,0,272,44410551457.218315,0.13128128629179836,0.857103588795208,NA,NA,0.857103588795208,0.13128128629179833,0,0,NA,NA
2008,5B,25121,24582,0,25121,0,0,0,0,0,10759,10552,0,0,149,25121,10759,0,10105415430.11451,0,3249008241.666667,0,1621736262.166271,1661608232.219316,11731806825,120020.03178226907,39751950.02126279,20,0,0,11731806825,0,0,0,0,0,11731806825,723469033.2723467,0.06435626885872378,NA,NA,3637949554.8412232,0,3637949554.8412232,598178963.5989537,4223450457,723469033.2723467,101970854.12765323,101970854.12765323,0,0,10835996544.050068,0,10835996544.050068,42754554,87451,24000,0,17246,0,0,12579969531.220201,1781735860.975844,18,7,0,1,0,0,0,128,10070198592.780684,0.14163276441600597,0.8613690611219649,NA,NA,0.8613690611219648,0.14163276441600597,0,NA,0,NA
2008,6,1314,1282,0,1314,0,0,0,1314,477,477,467,1314,477,40,1314,477,2882725243.75,2385359300.751054,803642131.25,803642131.25,490662153.44120115,490662153.44120115,1891189832.5302405,2882725243.75,11540.65668434835,58751531.75988719,0,0,0,2882725243.75,2882725243.75,803642131.25,0,0,0,2882725243.75,80252659.56618427,0.07359135464231355,NA,NA,382026401.10309446,0,382026401.10309446,302590373.20483845,461846962,80252659.56618427,15109127.593815736,15109127.593815736,0,0,1137903838.3256772,0,1137903838.3256772,28005070,5500,0,0,0,0,0,1375657361.0132,901295685.627932,1,0,0,0,0,0,0,39,991535411.2197595,0.6560423462591536,0.8274667542190228,0.27877860819110883,0.17020774161706861,0.8271709733647538,0.6551745450364973,1,NA,1,0.363013698630137
2008,7A,35,35,0,0,35,35,32,0,0,32,32,35,32,0,35,32,40761415.416666664,34550810.25602018,8055612.916666667,8055612.916666667,6210605.345058341,6210605.345058341,3407951.07204547,40761415.416666664,0,0,0,0,0,0,0,0,40761415.416666664,40761415.416666664,8055612.916666667,40761415.416666664,1460993.1547806468,0.063694,NA,NA,9797726.76903188,9797726.76903188,0,348371.8813627963,11306123,1460993.1547806468,248249.97521935322,248249.97521935322,0,0,29183508.95423836,29183508.95423836,0,0,0,0,0,0,0,0,33676417.9678,1037660.4858272254,0,0,0,0,0,0,0,0,37353464.3446212,0.08360728000264721,0.8476351937939066,0.19762839033732035,0.15236481073027036,0.8665858994309438,0.030812673925694624,1,1,NA,0.9142857142857143
2008,7B,62,62,0,0,62,62,46,0,0,46,46,62,46,0,62,46,269294677.0833333,250593328.96523887,133992677.08333333,133992677.08333333,18701341.769696232,18701341.769696232,159623893.0353848,269294677.0833333,0,0,0,0,0,0,0,0,269294677.0833333,269294677.0833333,133992677.08333333,269294677.0833333,5790562.086748071,0.07201661290322581,NA,NA,40101882.31967181,40101882.31967181,0,25541897.579927176,43097331,5790562.086748071,462269.88325192884,462269.88325192884,0,0,119447466.67737445,119447466.67737445,0,0,0,0,0,0,0,0,128369710.1166,76079096.1315711,0,0,0,0,0,0,0,0,109670784.04794851,0.592748043757245,0.9305543343052886,0.4975689773543844,0.06944564212054254,0.9304957265142895,0.592656134086985,1,1,NA,0.7419354838709677
2008,8A,234,218,0,0,234,234,75,0,0,75,69,234,75,11,234,75,133213268.75,100087579.83158791,46205393.75,46205393.75,33018069.72749699,33018069.72749699,92008083.65134774,133213268.75,0,2690750.2685825555,0,0,0,0,0,0,133213268.75,133213268.75,46205393.75,133213268.75,5467052.6972267395,0.11683222222222223,NA,NA,16355552.742346825,16355552.742346825,0,14721293.38421564,21655663,5467052.6972267395,1728453.7527732607,1728453.7527732607,0,0,48716649.398354255,48716649.398354255,0,1282347,0,0,0,0,0,0,64503557.8118,43848844.47422471,0,0,0,0,0,0,0,11,41205185.09865226,0.6906825762531087,0.751333412735493,0.3468527886415969,0.24785871585706426,0.755255230114489,0.6797895490069106,1,1,NA,0.32051282051282054
2008,8B,223,223,0,223,0,0,0,223,80,80,78,223,80,8,223,80,101563118.75,62218322.220890366,56874506.25,56874506.25,39319267.00789448,39319267.00789448,78095142.23250286,101563118.75,0,3778068.97535755,0,0,0,101563118.75,101563118.75,56874506.25,0,0,0,101563118.75,3416315.4033993827,0.11954677130044843,NA,NA,9954931.555342458,0,9954931.555342458,12495222.757200457,16250099,3416315.4033993827,2105426.5766006173,2105426.5766006173,0,0,29651759.13074305,0,29651759.13074305,1800537,0,0,0,0,0,0,48402544.881400004,37218270.504597284,0,0,0,0,0,0,0,8,23467976.517497137,0.768932100487539,0.6126074404434372,0.5599917268196335,0.38714119349445913,0.6126074404434372,0.768932100487539,1,NA,1,0.35874439461883406
2008,9,1535,1535,0,0,0,0,0,0,0,413,412,0,0,0,0,0,0,967005461.133093,0,313505193.75,0,197295711.45230195,197295711.45230195,1170168493.75,0,0,0,0,0,0,0,0,0,0,0,0,27657531.427304514,0.06341519218241043,NA,NA,154720873.78129488,0,0,31567313.83236831,187226959,27657531.427304514,4969086.502695487,4969086.502695487,0,0,460851594.64496493,0,0,0,0,0,0,0,0,0,557674220.0774,94026400.98109226,0,0,0,0,0,0,0,0,972872782.297698,0.16860453217299926,0.8263813854995897,NA,NA,0.8263813854995897,0.16860453217299926,0,NA,NA,NA
2009,0,93106,92506,0,0,0,0,0,0,0,29635,29108,0,0,0,0,0,0,0,0,0,0,0,0,0,0,0,93106,0,0,0,0,0,0,0,0,0,0,0.06526158067149271,NA,NA,0,0,0,0,0,0,0,0,0,0,0,0,0,0,0,0,0,0,0,0,0,0,0,0,0,0,0,0,0,0,0,NA,NA,NA,NA,NA,NA,0,NA,NA,NA
2009,1,68438,68406,0,0,0,0,0,0,0,18403,18143,0,0,6,0,0,0,4251629028.6241274,0,1869168030,0,1161857398.6775126,1161943666.1473205,5414011470,12809.708910714815,73457.76089730275,3572,0,0,0,0,0,0,0,0,0,88624164.48735867,0.07057429293667261,NA,NA,425162902.86241275,0,0,116194366.61473207,541401147,88624164.48735867,20503563.47264133,20503563.47264133,0,0,1432841498.9366171,0,0,29073,0,0,0,0,0,4317,1824576005.5047,391586634.92830855,0,0,0,0,0,0,4,2,4252067803.8526793,0.21461788039900856,0.7853010752162531,NA,NA,0.7853010752162531,0.2146178803990086,0,NA,NA,NA
2009,2,1570680,1144334,1570680,0,0,0,0,0,0,120003,119800,0,0,1100945,0,0,0,326085151479.5608,0,23829141700,0,15260775176.925825,92470843270.44183,418661728460,77186221601.7328,3939838.5804575533,8180,418661728460,418661728460,0,0,0,0,0,0,0,6576857409.851201,0.06401115049532685,3946.0376248310217,4530.374912761309,32608538247.84338,0,0,9247084327.044199,41866195946,6576857409.851201,264428182.17879984,264428182.17879984,0,0,109894034749.05698,0,0,26013856307,15402360064,1110204998,5247807755,4228843483,16246417,7065825,141093266957.6146,31163598890.57161,995641,280714,111441,105217,8319,83,1205,19,326190885189.55817,0.22087245378407386,0.7788749945666834,NA,NA,0.7788751165714372,0.22087233191597597,0,NA,NA,NA
2009,3,17872,15538,17872,0,0,0,0,0,0,3076,3064,0,0,35,0,0,0,13654569469.30287,0,2251393887.5,0,1275558146.4813023,1281066595.7854772,14950156462.5,1063979.9264116792,4444469.377763271,25,14950156462.5,0,0,0,0,0,0,0,0,402428940.67327785,0.06310054778424351,NA,NA,2184731115.0884595,0,0,204970655.32567638,2392025034,402428940.67327785,34847796.30672212,34847796.30672212,0,0,7362762330.959617,0,0,2970244,85095,488620,0,0,0,0,8061363567.0834,690771605.5130619,17,25,0,0,0,0,0,1,13669089866.714523,0.08568917649783943,0.9133395696261175,NA,NA,0.9133395696261176,0.08568917649783944,0,NA,NA,NA
2009,4,922,836,0,44,878,0,0,0,0,202,197,0,0,0,922,202,0,657571369.4734153,0,121517960,0,43493499.56207669,43493499.56207669,702493120,0,0,2,0,0,51867056,0,0,650626064,0,0,702493120,32758721.239110585,0.06560776572668113,NA,NA,164392842.3683538,152452798.5532787,11940043.815075094,10873374.890519172,175623280,32758721.239110585,2128533.4308894165,2128533.4308894165,0,0,554020318.0655892,513781176.4044046,40239141.66118457,0,0,0,0,0,0,0,591868015.928,36644360.71853866,0,0,0,0,0,0,0,0,658999620.4379233,0.061913061244039926,0.936053821386059,NA,NA,0.936053821386059,0.061913061244039926,0,0,0,NA
2009,5A,70251,65708,0,0,70251,0,0,0,0,24437,24127,0,0,409,70251,24437,0,55484236244.82221,0,17365545848,0,8347425639.578425,8414505676.372586,64891928560,3778217.8570368835,63301818.93712353,213,0,0,0,0,0,64891928560,0,0,64891928560,2623457470.4856086,0.06358402869710039,NA,NA,13871059061.205553,13871059061.205553,0,2103626419.0931466,16222982140,2623457470.4856086,404830993.5643914,404830993.5643914,0,0,46746856142.16884,46746856142.16884,0,56516608,1823567,290639,143530,925507,0,0,54673072110.014,7089431394.985813,126,40,2,10,0,0,0,271,56477422883.62741,0.12966952690568312,0.8550252315820865,NA,NA,0.8550252315820865,0.12966952690568312,0,0,NA,NA
2009,5B,24815,24235,0,24815,0,0,0,0,0,10935,10748,0,0,141,24815,10935,0,11457878737.866337,0,3951048004,0,1915020726.4784834,1953443189.9068682,13376672048,144090.6798017863,38278372.74858313,17,0,0,13376672048,0,0,0,0,0,13376672048,663813100.5775633,0.06527465162200281,NA,NA,2864469684.466584,0,2864469684.466584,488360797.47671705,3344168012,663813100.5775633,92452182.29243676,92452182.29243676,0,0,9653549283.620836,0,9653549283.620836,32371886,109400,12000,0,0,0,0,11270180617.2412,1645824723.5762842,17,3,0,0,0,0,0,125,11423228858.093132,0.14603357119747398,0.8565567501955353,NA,NA,0.8565567501955353,0.14603357119747398,0,NA,0,NA
2009,6,1351,1319,0,1351,0,0,0,1351,472,472,461,1351,472,41,1351,472,3488703245,2934039809.651946,948556000,948556000,548620001.2419274,548620001.2419274,5026448174.853881,3488703245,17803.626005163052,78396489.71840598,1,0,0,3488703245,3488703245,948556000,0,0,0,3488703245,73674343.98056439,0.0753959141376758,NA,NA,293535647.70202476,0,293535647.70202476,502818558.31649065,349142816,73674343.98056439,11462194.709435608,11462194.709435608,0,0,989244486.3205936,0,989244486.3205936,26426401,6000,0,0,0,0,0,1176646204.2016,1694548823.382405,1,0,0,0,0,0,0,40,-1537744929.853881,1.4407783700312637,0.8410115746752046,0.27189357574607925,0.1572561386607497,0.8407323142573976,1.4401515233138598,1,NA,1,0.3493708364174685
2009,7A,15,15,0,0,15,15,6,0,0,6,6,15,6,0,15,6,219903350,218154662.83627665,2757280,2757280,1748683.9652407076,1748683.9652407076,328980678.21965563,219903350,0,0,0,0,0,0,0,0,219903350,219903350,2757280,219903350,3632830.810680997,0.07836133333333334,NA,NA,21815466.283627667,21815466.283627667,0,32898067.821965568,21990335,3632830.810680997,64592.33931900285,64592.33931900285,0,0,73520302.9224536,73520302.9224536,0,0,0,0,0,0,0,0,74109627.9835,110869778.36680615,0,0,0,0,0,0,0,0,-109077328.21965563,1.4960239497017924,0.9920479284934798,0.012538599343757156,0.007952056961572926,0.9920479284934798,1.4960239497017924,1,1,NA,0.4
2009,7B,40,40,0,0,40,40,12,0,0,12,12,40,12,0,40,12,424268400,406788491.8758881,155181960,155181960,17479914.538035564,17479914.538035564,627662652.3518677,424268400,0,0,0,0,0,0,0,0,424268400,424268400,155181960,424268400,6459863.553740923,0.06769725,NA,NA,40678849.18758881,40678849.18758881,0,62766265.23518677,42426840,6459863.553740923,288568.6962590761,288568.6962590761,0,0,137091789.64709306,137091789.64709306,0,0,0,0,0,0,0,0,142982693.484,211528590.46910292,0,0,0,0,0,0,0,0,-203394252.35186768,1.4793999561406592,0.9587998820461012,0.3657636533854513,0.04120013307150748,0.9587998820461012,1.4793999561406592,1,1,NA,0.3
2009,8A,280,261,0,0,280,280,111,0,0,111,97,280,111,16,280,111,238599120,194737273.25345278,73394800,73394800,43616961.76463399,43616961.76463399,353150585.95596117,238599120,0,17427714.311148036,0,0,0,0,0,0,238599120,238599120,73394800,238599120,7802430.55056731,0.12039192857142857,NA,NA,19473727.325345278,19473727.325345278,0,35315058.59559612,23859912,7802430.55056731,1645230.9094326904,1645230.9094326904,0,0,65628408.45914613,65628408.45914613,0,5873314,0,0,0,0,0,0,80410289.4312,119015278.97301848,0,0,0,0,0,0,0,16,-114551465.95596117,1.4801001192123473,0.8161692853412569,0.3076071697163007,0.1828043697924535,0.8161692853412569,1.4801001192123475,1,1,NA,0.3964285714285714
2009,8B,264,264,0,264,0,0,0,264,102,102,96,264,102,13,264,102,175051710,102084501.10781114,100500390,100500390,72935224.59480184,72935224.59480184,231028487.63600284,175051710,0,4966511.379484288,0,0,0,175051710,175051710,100500390,0,0,0,175051710,4035695.5074515706,0.12317424242424242,NA,NA,10208450.110781115,0,10208450.110781115,23102848.763600286,17505171,4035695.5074515706,2569923.1725484296,2569923.1725484296,0,0,34403497.71834344,0,34403497.71834344,1673764,0,0,0,0,0,0,58994176.787099995,77858910.61820932,0,0,0,0,0,0,0,13,-55976777.63600284,1.3197728124792545,0.5831676886093323,0.5741182991014484,0.41664959796623435,0.5831676886093323,1.3197728124792547,1,NA,1,0.38636363636363635
2009,9,1619,1619,0,0,0,0,0,0,0,465,463,0,0,0,0,0,0,1434702243.4350045,0,468151540,0,295479997.71134067,295479997.71134067,1738928020,0,0,0,0,0,0,0,0,0,0,0,0,28191492.95914883,0.06394278567016677,NA,NA,143470224.34350047,0,0,29547999.771134067,173892802,28191492.95914883,5048411.020851169,5048411.020851169,0,0,483509003.0600309,0,0,0,0,0,0,0,0,0,586036132.0202,99579714.02869892,0,0,0,0,0,0,0,0,1443448022.2886593,0.16992077550820112,0.8250498162856703,NA,NA,0.8250498162856704,0.16992077550820112,0,NA,NA,NA
2010,0,94624,94004,0,0,0,0,0,0,0,30940,29255,0,0,0,0,0,0,0,0,0,0,0,0,0,0,0,94624,0,0,0,0,0,0,0,0,0,0,0.06960123541596212,NA,NA,0,0,0,0,0,0,0,0,0,0,0,0,0,0,0,0,0,0,0,0,0,0,0,0,0,0,0,0,0,0,0,NA,NA,NA,NA,NA,NA,0,NA,NA,NA
2010,1,66216,66190,0,0,0,0,0,0,0,19168,18157,0,0,7,0,0,0,4002536376.7776823,0,1764559340,0,1022804866.8910091,1022861457.8001,5029405710,13081.818181818182,43509.090909090904,3659,0,0,0,0,0,0,0,0,0,87974466.4612645,0.07481788011960855,NA,NA,400253637.67776823,0,0,102286145.78001,502940571,87974466.4612645,18737644.718735494,18737644.718735494,0,0,1320837004.336635,0,0,18675,0,0,0,0,0,4317,1659703884.3,337544281.07403296,0,0,0,0,0,0,4,3,4006544252.1999,0.20337620720601995,0.7958269043237879,NA,NA,0.7958269043237879,0.20337620720601998,0,NA,NA,NA
2010,2,1580283,1145016,1580283,0,0,0,0,0,0,126397,123858,0,0,1086882,0,0,0,322603371269.2242,0,23634395050,0,14779109305.294186,74368297038.95065,397063583740,59567831293.93927,3655633.3333333335,8458,397063583740,397063583740,0,0,0,0,0,0,0,6876296628.9643755,0.06839005231341476,3926.993757592709,4789.503562585451,32260337126.922424,0,0,7436829703.895049,39706358374,6876296628.9643755,266911229.13562435,266911229.13562435,0,0,106459112518.844,0,0,19658590686,10826205600,968617874,4829398531,3004267031,20096636,8798655,131030982634.2,24541538022.85371,986040,243203,117877,100726,10291,96,1548,19,322695286701.0493,0.18729568785549353,0.8124728242025517,NA,NA,0.8124728242025518,0.1872956878554931,0,NA,NA,NA
2010,3,17939,15571,17939,0,0,0,0,0,0,3155,3034,0,0,36,0,0,0,13859400696.628078,0,2413780476.9230766,0,1286478977.893329,1291734360.177711,15165905638.461538,810904.428904429,4444477.855477856,64,15165905638.461538,0,0,0,0,0,0,0,0,349996880.9909861,0.06691757177100173,NA,NA,1801722090.5616503,0,0,167925466.82310244,1971567733,349996880.9909861,30038326.019013893,30038326.019013893,0,0,5945682898.853445,0,0,2254559,85095,262783,0,0,0,0,6506173518.9,554154040.5162381,17,24,0,0,0,0,0,1,13874171278.283827,0.08517357228583859,0.9138524943396658,NA,NA,0.9138524943396659,0.0851735722858386,0,NA,NA,NA
2010,4,940,855,0,44,896,0,0,0,0,200,192,0,0,0,940,200,0,659571642.0803784,0,113994212,0,31396421.977889415,31396421.977889415,693159668,0,0,2,0,0,51670020,0,0,641489648,0,0,693159668,34845757.17679832,0.07246384042553192,NA,NA,164892910.5200946,152972948.56416076,11919961.955933832,7849105.494472354,173289917,34845757.17679832,1495815.453201679,1495815.453201679,0,0,544146604.7163122,504810730.2617305,39335874.45458164,0,0,0,0,0,0,0,571856726.1,25902048.131758764,0,0,0,0,0,0,0,0,661763246.0221106,0.04529464628038545,0.9515435945421717,NA,NA,0.9515435945421717,0.04529464628038545,0,0,0,NA
2010,5A,70746,66089,0,0,70746,0,0,0,0,25127,23736,0,0,427,70746,25127,0,54277721739.75859,0,16951468404,0,7546611198.754192,7620115198.754192,62427522820,10548391.515151516,62955608.484848484,340,0,0,0,0,0,62427522820,0,0,62427522820,2701996063.8458214,0.06762768552285642,NA,NA,13569430434.939648,13569430434.939648,0,1905028799.688548,15606880705,2701996063.8458214,381541447.6741786,381541447.6741786,0,0,44779120435.300835,44779120435.300835,0,60640800,6325480,367610,1022708,984625,2000,0,51502706326.5,6286595038.972209,127,40,6,11,1,0,0,285,54807407621.245804,0.12206339214717206,0.8694517944634759,NA,NA,0.8694517944634759,0.12206339214717206,0,0,NA,NA
2010,5B,24742,24117,0,24742,0,0,0,0,0,10999,10609,0,0,149,24742,10999,0,11087186855.286684,0,3804101120,0,1706958071.7832692,1749123509.3590267,12797413124,104659.39393939394,42060778.18181819,17,0,0,12797413124,0,0,0,0,0,12797413124,678337126.5102469,0.0698718389782556,NA,NA,2771796713.821671,0,2771796713.821671,437280877.33975667,3199353281,678337126.5102469,84932049.41975315,84932049.41975315,0,0,9146929155.611513,0,9146929155.611513,34786486,82344,4000,0,0,0,0,10557865827.3,1443026895.221197,17,1,0,0,0,0,0,133,11048289614.640974,0.13667789672889102,0.8663615644707138,NA,NA,0.8663615644707138,0.13667789672889102,0,NA,0,NA
2010,6,1457,1425,0,1457,0,0,0,1457,502,502,470,1457,502,41,1457,502,3437883195,2888753212.380328,1002969180,1002969180,543748590.4061776,543748590.4061776,4950426686.266892,3437883195,0,74493709.0909091,0,0,0,3437883195,3437883195,1002969180,0,0,0,3437883195,77010938.55172656,0.08131550446122168,NA,NA,288950955.7820877,0,288950955.7820877,495061577.262703,343863954,77010938.55172656,12217694.07827344,12217694.07827344,0,0,953538154.0808893,0,953538154.0808893,24582924,0,0,0,0,0,0,1134751048.2,1633703204.96692,0,0,0,0,0,0,0,41,-1512543491.2668924,1.4399636071018092,0.8402709017518928,0.2917403306368005,0.15816377682551766,0.8403060350492209,1.4397018690208598,1,NA,1,0.34454358270418667
2010,7A,15,15,0,0,15,15,7,0,0,7,7,15,7,0,15,7,227174820,222550925.4389471,50467170,50467170,4623892.40326674,4623892.40326674,338450280.5616874,227174820,0,0,0,0,0,0,0,0,227174820,227174820,50467170,227174820,3835558.690506152,0.081936,NA,NA,22255092.543894712,22255092.543894712,0,33845028.05616874,22717482,3835558.690506152,112708.12949384844,112708.12949384844,0,0,73441805.39485255,73441805.39485255,0,0,0,0,0,0,0,0,74967690.6,111688592.58535683,0,0,0,0,0,0,0,0,-111275460.56168741,1.4898230383177475,0.9796460956321968,0.22215124898085095,0.020353894869452258,0.979646095632197,1.4898230383177475,1,1,NA,0.4666666666666667
2010,7B,41,41,0,0,41,41,13,0,0,13,13,41,13,0,41,13,268692675,261008468.71972287,83217460,83217460,7684213.059109676,7684213.059109676,203700669.87515533,268692675,0,0,0,0,0,0,0,0,268692675,268692675,83217460,268692675,6415717.352805992,0.07149487804878049,NA,NA,38502762.78640668,38502762.78640668,0,27845324.430460755,39598732,6415717.352805992,210979.1271940088,210979.1271940088,0,0,127059117.19514203,127059117.19514203,0,0,0,0,0,0,0,0,130675815.6,91889570.62052049,0,0,0,0,0,0,0,0,64992005.12484467,0.7581176891969806,0.9714015044128869,0.30971242517124814,0.028598520816057512,0.9723231235385689,0.7031872745435575,1,1,NA,0.3170731707317073
2010,8A,288,269,0,0,288,288,121,0,0,121,100,288,121,19,288,121,228478090,185410321.74232277,79003480,79003480,42498717.499586456,42498717.499586456,334587730.41610086,228478090,0,13973530.303030303,0,0,0,0,0,0,228478090,228478090,79003480,228478090,7604709.797092414,0.12656475694444444,NA,NA,18541032.174232278,18541032.174232278,0,33458773.04161009,22847809,7604709.797092414,1649376.1429075857,1649376.1429075857,0,0,61185406.174966514,61185406.174966514,0,4611265,0,0,0,0,0,0,75397769.7,110413951.0373133,0,0,0,0,0,0,0,19,-106109640.41610086,1.4644193253545705,0.8115015393481395,0.34578142700685216,0.18600784652736924,0.8115015393481396,1.4644193253545708,1,1,NA,0.4201388888888889
2010,8B,266,266,0,266,0,0,0,266,102,102,83,266,102,13,266,102,158936140,101587882.32419622,82374370,82374370,57317010.15803284,57317010.15803284,215035248.7958423,158936140,0,5336415.151515151,0,0,0,158936140,158936140,82374370,0,0,0,158936140,4100917.5155232167,0.1289553007518797,NA,NA,10158788.232419623,0,10158788.232419623,21503524.87958423,15893614,4100917.5155232167,2038438.3744767832,2038438.3744767832,0,0,33524001.16698475,0,33524001.16698475,1761017,0,0,0,0,0,0,52448926.199999996,70961632.10262796,0,0,0,0,0,0,0,13,-56099108.79584229,1.3529663473382598,0.6391742137703622,0.5182859606380273,0.3606291819974541,0.6391742137703623,1.3529663473382598,1,NA,1,0.38345864661654133
2010,9,1687,1687,0,0,0,0,0,0,0,509,484,0,0,0,0,0,0,1446581212.5624177,0,486575290,0,296606282.6001781,296606282.6001781,1751488250,0,0,0,0,0,0,0,0,0,0,0,0,29659775.46247418,0.06775910491997629,NA,NA,144658121.2562418,0,0,29660628.260017812,175148825,29659775.46247418,5295877.137525823,5295877.137525823,0,0,477371800.1455979,0,0,0,0,0,0,0,0,0,577991122.5,97880073.25805877,0,0,0,0,0,0,0,0,1454881967.3998218,0.16934528827137615,0.8259154536505842,NA,NA,0.8259154536505843,0.16934528827137615,0,NA,NA,NA
2011,0,94451,93839,0,0,0,0,0,0,0,32078,28012,0,0,0,0,0,0,0,0,0,0,0,0,0,0,0,94451,0,0,0,0,0,0,0,0,0,0,0.08158045367439201,NA,NA,0,0,0,0,0,0,0,0,0,0,0,0,0,0,0,0,0,0,0,0,0,0,0,0,0,0,0,0,0,0,0,NA,NA,NA,NA,NA,NA,0,NA,NA,NA
2011,1,65194,65161,0,0,0,0,0,0,0,19353,16632,0,0,6,0,0,0,3624730019.639889,0,1606437690,0,823021961.8771127,823084383.610096,4451878400,7698.781390964788,54722.95159227092,3853,0,0,0,0,0,0,0,0,0,82760644.69508748,0.08849639000521521,NA,NA,362473001.9639889,0,0,82308438.36100961,445187840,82760644.69508748,15195745.414912518,15195745.414912518,0,0,1076762299.6342254,0,0,18543,0,0,0,0,0,2287,1322474997.5040002,244505446.99521515,0,0,0,0,0,0,2,4,3628794016.389904,0.18488474069958782,0.8142023869384862,NA,NA,0.8142023869384862,0.18488474069958788,0,NA,NA,NA
2011,2,1581961,1145092,1581961,0,0,0,0,0,0,129574,118007,0,0,1091266,0,0,0,321928377458.69055,0,23434221010,0,13931581866.407732,55819445851.999084,377836781010,41868130886.01633,3357715.613007473,8294,377836781010,377836781010,0,0,0,0,0,0,0,6995695060.2252245,0.07946158663203455,3813.1499280612193,4925.111883253029,32192837745.86906,0,0,5581944585.199909,37783678101,6995695060.2252245,250005688.1147753,250005688.1147753,0,0,95632043807.87862,0,0,12438344404,7423326200,964160038,3170573286,847212520,23141626,8933291,112240194166.83063,16581724584.794865,1059173,241646,102060,32005,11832,54,1645,21,322017335158.0009,0.14773428278418912,0.8520302777250536,NA,NA,0.8520302777250537,0.14773428278418915,0,NA,NA,NA
2011,3,18655,15713,18655,0,0,0,0,0,0,3442,2835,0,0,32,0,0,0,14439782203.615667,0,2625498090,0,1260005441.367471,1266760921.7418063,15718327640,1685669.561704706,5069810.812630444,101,15718327640,0,0,0,0,0,0,0,0,288830987.55924404,0.07593413562047709,NA,NA,1443978220.3615668,0,0,126676092.17418063,1571832764,288830987.55924404,22942681.220755935,22942681.220755935,0,0,4289481701.4060707,0,0,2006783,94550,306200,0,99995,0,0,4669286408.7384,376303999.41262096,18,15,0,1,0,0,0,2,14451566718.258194,0.08059132948203428,0.9186589396997495,NA,NA,0.9186589396997497,0.08059132948203428,0,NA,NA,NA
2011,4,909,824,0,43,866,0,0,0,0,195,166,0,0,0,909,195,0,615986252.4337623,0,109387816,0,24375167.850450817,24375167.850450817,642097840,0,0,2,0,0,51007680,0,0,591090160,0,0,642097840,33114037.260999635,0.0852568206820682,NA,NA,153996563.10844058,142049027.0723176,11947536.036122957,6093791.962612704,160524460,33114037.260999635,1183046.1990003637,1183046.1990003637,0,0,457462190.3699336,421970839.82102674,35491350.54890686,0,0,0,0,0,0,0,476853960.87600005,18102218.4041373,0,0,0,0,0,0,0,0,617722672.1495491,0.0379617658431164,0.9593339426803902,NA,NA,0.9593339426803902,0.0379617658431164,0,0,0,NA
2011,5A,70948,66272,0,0,70948,0,0,0,0,25620,21698,0,0,481,70948,25620,0,54572106129.0459,0,16870880208,0,6631789338.081439,6723686945.298837,61650420592,11816380.529186022,80081226.68821113,260,0,0,0,0,0,61650420592,0,0,61650420592,2766414749.468317,0.07858361095450189,NA,NA,13643026532.261475,13643026532.261475,0,1680921736.3247092,15412605148,2766414749.468317,343056437.9416829,343056437.9416829,0,0,40527974616.73594,40527974616.73594,0,68247758,3357837,414799,5000799,0,2000,0,45784684852.6488,4993346109.926181,141,39,15,0,1,0,0,337,54926733646.701164,0.10906149351025399,0.8851862745625354,NA,NA,0.8851862745625354,0.10906149351025399,0,0,NA,NA
2011,5B,24910,24298,0,24910,0,0,0,0,0,11570,9807,0,0,170,24910,11570,0,10807858480.520395,0,3863925992,0,1470110841.7469525,1510572616.4725974,12278495620,129186.02302565138,40332588.702619,20,0,0,12278495620,0,0,0,0,0,12278495620,686762086.7518396,0.08117542111601767,NA,NA,2701964620.130099,0,2701964620.130099,377643154.11814934,3069623905,686762086.7518396,73307217.56816041,73307217.56816041,0,0,8026456100.558472,0,8026456100.558472,30048937,83940,12000,0,0,0,0,9118624772.193,1121826753.6233745,17,3,0,0,0,0,0,152,10767923003.527403,0.12302587085767086,0.8802266022651719,NA,NA,0.8802266022651719,0.12302587085767086,0,NA,0,NA
2011,6,1561,1512,0,1561,0,0,0,1561,551,551,476,1561,551,39,1561,551,3501960621.6666665,2967767953.7596145,1056579653.3333334,1056579653.3333334,533976359.7791715,533976359.7791715,4966926308.29437,3501960621.6666665,0,51088694.76424515,1,0,0,3501960621.6666665,3501960621.6666665,1056579653.3333334,0,0,0,3501960621.6666665,83236107.81223704,0.09547641255605381,NA,NA,300980241.8433931,0,300980241.8433931,499495274.05815196,354417699,83236107.81223704,12836545.137762964,12836545.137762964,0,0,894091906.4199835,0,894091906.4199835,15202643,0,0,0,0,0,0,1052833216.6494,1483800661.1171463,0,0,0,0,0,0,0,39,-1464965686.6277032,1.4183272871670645,0.8474589735241463,0.3017108892647919,0.1524792587544972,0.8492246371798523,1.4093406606597036,1,NA,1,0.3529788597053171
2011,7A,19,19,0,0,19,19,11,0,0,11,6,19,11,0,19,11,241253640,239787293.55421558,64545990,64545990,1466345.4965130333,1466345.4965130333,361147285.82783633,241253640,0,0,0,0,0,0,0,0,241253640,241253640,64545990,241253640,4087637.768608965,0.08587105263157895,NA,NA,23978729.35542156,23978729.35542156,0,36114728.58278364,24125364,4087637.768608965,60521.48139103494,60521.48139103494,0,0,71231213.42321528,71231213.42321528,0,0,0,0,0,0,0,0,71666806.2984,107282412.72801708,0,0,0,0,0,0,0,0,-119893645.82783633,1.4969609819268896,0.9939219717232685,0.2675441083500336,0.006078024341987268,0.9939219717232686,1.4969609819268899,1,1,NA,0.5789473684210527
2011,7B,45,45,0,0,45,45,21,0,0,21,10,45,21,0,45,21,414978406.6666667,413637608.3639271,207440970,207440970,1340796.5993234983,1340796.5993234983,567018971.2038288,414978406.6666667,0,0,0,0,0,0,0,0,414978406.6666667,414978406.6666667,207440970,414978406.6666667,7386009.960394073,0.07924,NA,NA,44650455.11287583,44650455.11287583,0,58893026.6380383,44784535,7386009.960394073,38810.18960592697,38810.18960592697,0,0,132638641.95830894,132638641.95830894,0,0,0,0,0,0,0,0,133036939.671,174947624.93095657,0,0,0,0,0,0,0,0,-152040564.53716213,1.3663818697421752,0.996768992600098,0.49988376905265797,0.0032310032950714452,0.9970061118838417,1.315030437137246,1,1,NA,0.4666666666666667
2011,8A,319,297,0,0,319,319,126,0,0,126,90,319,126,20,319,126,258070570,213697917.60928836,95518850,95518850,43766597.13353037,43766597.13353037,375762436.719886,258070570,0,11448963.172423078,0,0,0,0,0,0,258070570,258070570,95518850,258070570,9665100.250426378,0.15672815047021943,NA,NA,21369791.76092884,21369791.76092884,0,37576243.6719886,25807057,9665100.250426378,1842637.0295736222,1842637.0295736222,0,0,63481103.405015215,63481103.405015215,0,3401029,0,0,0,0,0,0,76662443.5242,111623989.45200934,0,0,0,0,0,0,0,20,-117691866.719886,1.456045285287222,0.8280600054833388,0.37012686103649867,0.16959158548582418,0.8280600054833389,1.4560452852872219,1,1,NA,0.3949843260188088
2011,8B,308,308,0,308,0,0,0,308,122,122,87,308,122,17,308,122,128953550,95860232.72325043,53410146.66666667,53410146.66666667,33068262.274675366,33068262.274675366,157367943.4320472,128953550,0,18971367.176103592,0,0,0,128953550,128953550,53410146.66666667,0,0,0,128953550,5771222.757878138,0.15767,NA,NA,11893745.378541488,0,11893745.378541488,18876290.04797148,16659422,5771222.757878138,1963141.702121862,1963141.702121862,0,0,35331560.02149535,0,35331560.02149535,6065389,0,0,0,0,0,0,49488478.993200004,56073907.21650408,0,0,0,0,0,0,0,17,-28414393.43204719,1.2203459573780417,0.7433702501656638,0.41418128207146426,0.25643545505087195,0.7139350560026325,1.1330699257135979,1,NA,1,0.3961038961038961
2011,9,1728,1728,0,0,0,0,0,0,0,573,486,0,0,0,0,0,0,1417068130.9301045,0,511771650,0,283246642.3390522,283246642.3390522,1708960240,0,0,0,0,0,0,0,0,0,0,0,0,29499884.095168944,0.07850583333333333,NA,NA,141706813.09301046,0,0,28324664.233905222,170896024,29499884.095168944,5016195.654831055,5016195.654831055,0,0,420954258.97409683,0,0,0,0,0,0,0,0,0,507663728.8944,84141247.57323886,0,0,0,0,0,0,0,0,1425713597.6609478,0.16574209025427777,0.8291990051975139,NA,NA,0.8291990051975139,0.16574209025427777,0,NA,NA,NA
2012,0,95103,94488,0,0,0,0,0,0,0,32292,26729,0,0,0,0,0,0,0,0,0,0,0,0,0,0,0,95103,0,0,0,0,0,0,0,0,0,0,0.09362408788366298,NA,NA,0,0,0,0,0,0,0,0,0,0,0,0,0,0,0,0,0,0,0,0,0,0,0,0,0,0,0,0,0,0,0,NA,NA,NA,NA,NA,NA,0,NA,NA,NA
2012,1,63391,63336,0,0,0,0,0,0,0,18929,15118,0,0,5,0,0,0,3073062955.980315,0,1245042180,0,580612030.451764,580669159.051707,3655712790,2405.90248075278,54722.69746221842,3982,0,0,0,0,0,0,0,0,0,78698790.465317,0.10137284125506775,NA,NA,307306295.5980316,0,0,58066915.9051707,365571279,78698790.465317,12266994.294683002,12266994.294683002,0,0,862178542.9298373,0,0,16028,0,0,0,0,0,675,1025646780.3624,162912539.2635469,0,0,0,0,0,0,1,4,3075043630.9482927,0.15883883456055284,0.8406193627646321,NA,NA,0.8406193627646322,0.15883883456055284,0,NA,NA,NA
2012,2,1582154,1145698,1582154,0,0,0,0,0,0,128880,112527,0,0,1104399,0,0,0,298548642748.3292,0,20796193830,0,11695591677.676367,52800114720.70776,351419110300,41085070077.986885,3364168.092386655,12395,351419110300,351419110300,0,0,0,0,0,0,0,7023973132.241469,0.09042877327997155,3790.8112509759185,4928.708358808727,29854901838.9658,0,0,5280011472.070793,35141948594,7023973132.241469,230366479.72853056,230366479.72853056,0,0,83760912599.40245,0,0,11527771112.08,7432420017,1294742573,2242343108,519157815,27724529,10439219.08,98594250975.32642,14813600186.041714,1067700,260239,96151,36615,14189,113,1932,22,298618995579.29224,0.1502482738506545,0.8495515297772616,NA,NA,0.849551690598714,0.15024811324697807,0,NA,NA,NA
2012,3,20242,15939,20242,0,0,0,0,0,0,4167,3418,0,0,20,0,0,0,15304733981.669756,0,2822497270,0,1268565861.810003,1275994137.401677,16596658170,2358465.2124322783,5069810.379241517,108,16596658170,0,0,0,0,0,0,0,0,327984483.3273525,0.08519939581069065,NA,NA,1530473398.1669755,0,0,127599413.74016769,1659665817,327984483.3273525,24642584.222647496,24642584.222647496,0,0,4293896165.897267,0,0,2084077,111129,550562,0,0,0,0,4656358416.1752,357992915.1894145,18,4,0,0,0,0,0,2,15320664032.598324,0.07688259433505444,0.9221575708135318,NA,NA,0.9221575708135318,0.07688259433505444,0,NA,NA,NA
2012,4,901,817,0,43,858,0,0,0,0,190,154,0,0,0,901,190,0,603759256.9883242,0,104393308,0,27934370.02081105,27934370.02081105,633418804,0,0,2,0,0,50578348,0,0,582840456,0,0,633418804,34779929.70082296,0.09678240843507215,NA,NA,150939814.24708104,138977233.62591988,11962580.62116119,6983592.505202763,158354701,34779929.70082296,1383717.3991770404,1383717.3991770404,0,0,423476742.8516106,389914526.6608808,33562216.190729834,0,0,0,0,0,0,0,444279949.12560004,19593167.13259687,0,0,0,0,0,0,0,0,605484433.9791889,0.0441009484473894,0.9531754554421535,NA,NA,0.9531754554421535,0.0441009484473894,0,0,0,NA
2012,5A,71274,66547,0,0,71274,0,0,0,0,25719,20936,0,0,457,71274,25719,0,53507008578.194565,0,16680902276,0,6514611066.687292,6597089314.477426,60473648196,7680489.021956087,74797758.76817793,454,0,0,0,0,0,60473648196,0,0,60473648196,2934394777.795365,0.0897661337935292,NA,NA,13376752144.548641,13376752144.548641,0,1649272328.6193564,15118412049,2934394777.795365,357524580.5246349,357524580.5246349,0,0,37529815816.74567,37529815816.74567,0,57850243,3108264,1133749,692158,452924,0,0,42416216844.6744,4627198445.174466,129,35,4,9,0,0,0,320,53876558881.522575,0.10909031472842061,0.8847987540750644,NA,NA,0.8847987540750644,0.10909031472842061,0,0,NA,NA
2012,5B,25008,24400,0,25008,0,0,0,0,0,11662,9275,0,0,166,25008,11662,0,10485851910.811115,0,3696620512,0,1310161142.3772027,1349691776.8225977,11800345668,136769.31850584547,39393865.12688908,20,0,0,11800345668,0,0,0,0,0,11800345668,708035107.4971976,0.09247370841330774,NA,NA,2621462977.702779,0,2621462977.702779,337422944.20564944,2950086417,708035107.4971976,71245249.24280235,71245249.24280235,0,0,7354776530.242917,0,7354776530.242917,27726787,90930,5000,0,0,0,0,8276762451.5352,946673812.26337,15,1,0,0,0,0,0,152,10450653891.177402,0.11437730849551904,0.888605487146575,NA,NA,0.888605487146575,0.11437730849551904,0,NA,0,NA
2012,6,1625,1580,0,1625,0,0,0,1625,553,553,435,1625,553,40,1625,553,3581702800,3077192607.846028,1015215060,1015215060,504000480.15129787,504000480.15129787,5161907254.385476,3581702800,0,46525556.030795544,1,0,0,3581702800,3581702800,1015215060,0,0,0,3581702800,90182301.89520362,0.10718248615384615,NA,NA,308071876.2698555,0,308071876.2698555,516278879.3098608,358522895,90182301.89520362,13436799.994796386,13436799.994796386,0,0,864326456.0627067,0,864326456.0627067,13053210,0,0,0,0,0,0,1005871834.212,1448472023.7917457,0,0,0,0,0,0,0,40,-1580204454.385476,1.4411880445204654,0.8591423631927327,0.28344480731343763,0.14071532684155086,0.859280901070085,1.4400164857250213,1,NA,1,0.3403076923076923
2012,7A,19,19,0,0,19,19,11,0,0,11,11,19,11,0,19,11,288924566.6666667,272280313.1846875,112216916.66666667,112216916.66666667,16644254.196243532,16644254.196243532,424878603.49563074,288924566.6666667,0,0,0,0,0,0,0,0,288924566.6666667,288924566.6666667,112216916.66666667,288924566.6666667,5084372.923653082,0.09719578947368421,NA,NA,27239198.547127392,27239198.547127392,0,42522258.24884744,28930577,5084372.923653082,341971.40634691744,341971.40634691744,0,0,76422295.44382061,76422295.44382061,0,0,0,0,0,0,0,0,81167626.8312,119300447.7429664,0,0,0,0,0,0,0,0,-135954036.82896405,1.4705520143111082,0.9423923909482514,0.38839520626894886,0.057607611523896714,0.94153664986105845,1.4698033243114177,1,1,NA,0.5789473684210527
2012,7B,45,45,0,0,45,45,20,0,0,20,17,45,20,0,45,20,432771010,425644876.634409,191817950,191817950,7126134.643913774,7126134.643913774,645593449.5955272,432771010,0,0,0,0,0,0,0,0,432771010,432771010,191817950,432771010,7783621.062151537,0.09010977777777777,NA,NA,42564487.663440906,42564487.663440906,0,64559344.95955273,43277101,7783621.062151537,148565.73784846262,148565.73784846262,0,0,119418926.5885498,119418926.5885498,0,0,0,0,0,0,0,0,121418234.56560001,181127698.21852112,0,0,0,0,0,0,0,0,-212822439.59552717,1.491766857478571,0.9835337090495249,0.44323197618990234,0.01646629390428387,0.983533709049525,1.4917668574785712,1,1,NA,0.4444444444444444
2012,8A,335,312,0,0,335,335,126,0,0,126,93,335,126,19,335,126,263064320,218894483.80146673,91823240,91823240,43556324.11844381,43556324.11844381,382273513.1796402,263064320,0,10375463.358996293,0,0,0,0,0,0,263064320,263064320,91823240,263064320,10598114.916581033,0.1795264776119403,NA,NA,21889448.380146675,21889448.380146675,0,38227351.31796402,26306432,10598114.916581033,1925122.9434189666,1925122.9434189666,0,0,61413036.37533951,61413036.37533951,0,2910940,0,0,0,0,0,0,73805325.6192,107250656.85767984,0,0,0,0,0,0,0,19,-119209193.17964017,1.4531560691303183,0.8320949180849259,0.3490524294590768,0.16557290672655192,0.832094918084926,1.4531560691303183,1,1,NA,0.3761194029850746
2012,8B,325,325,0,325,0,0,0,325,119,119,86,325,119,16,325,119,197805240,129642209.2169927,90149700,90149700,63106351.872440055,63106351.872440055,278361998.8886904,197805240,0,20792333.19076133,0,0,0,197805240,197805240,90149700,0,0,0,197805240,6798973.967425438,0.1802569846153846,NA,NA,12968267.819131667,0,12968267.819131667,27836199.888869043,19784571,6798973.967425438,2667786.3625745624,2667786.3625745624,0,0,36383772.193355806,0,36383772.193355806,5833497,0,0,0,0,0,0,55507592.3976,78097242.408211,0,0,0,0,0,0,0,16,-80556758.88869041,1.407252906387568,0.6554033109385409,0.4557498072346314,0.31903276107569273,0.655473794156652,1.4069650481109266,1,NA,1,0.36615384615384616
2012,9,1759,1759,0,0,0,0,0,0,0,597,491,0,0,0,0,0,0,1301802120.2159772,0,477384390,0,242424154.35550323,242424154.35550323,1553914440,0,0,0,0,0,0,0,0,0,0,0,0,30030204.61283909,0.09025175099488346,NA,NA,130180212.02159771,0,0,24242415.435550325,155391444,30030204.61283909,4771602.297160907,4771602.297160907,0,0,365233602.84779453,0,0,0,0,0,0,0,0,0,435966235.2864,68014520.74598,0,0,0,0,0,0,0,0,1311490285.6444967,0.15600868884100416,0.8377566272027032,NA,NA,0.837756627202703,0.15600868884100416,0,NA,NA,NA
2013,0,95849,95110,0,0,0,0,0,0,0,32889,26362,0,0,0,0,0,0,0,0,0,0,0,0,0,0,0,95849,0,0,0,0,0,0,0,0,0,0,0.10247126657555113,NA,NA,0,0,0,0,0,0,0,0,0,0,0,0,0,0,0,0,0,0,0,0,0,0,0,0,0,0,0,0,0,0,0,NA,NA,NA,NA,NA,NA,0,NA,NA,NA
2013,1,63704,63633,0,0,0,0,0,0,0,19446,15244,0,0,5,0,0,0,2814195225.85295,0,1209816570,0,517469274.0483036,517526529.5984332,3333340320,2535.5922016453173,54719.95792795161,4068,0,0,0,0,0,0,0,0,0,74866531.67273656,0.11029889991209343,NA,NA,281419522.585295,0,0,51752652.95984332,333334032,74866531.67273656,11190441.117263451,11190441.117263451,0,0,749166911.0743139,0,0,15242,0,0,0,0,0,675,887368526.5872,137770737.4443989,0,0,0,0,0,0,1,4,2815813790.401567,0.15525763345953023,0.844256798193636,NA,NA,0.8442567981936361,0.15525763345953023,0,NA,NA,NA
2013,2,1580548,1145048,1580548,0,0,0,0,0,0,127517,109557,0,0,1084257,0,0,0,286881421648.36505,0,20117327360,0,10689815923.465868,50044308137.785545,336992826540,39335835116.18613,2945343.9014312006,12429,336992826540,336992826540,0,0,0,0,0,0,0,7035385191.784834,0.09973564197987031,3899.1546557765505,4903.014826005274,28688168615.018475,0,0,5004430813.7786,33699309104,7035385191.784834,215858317.6851659,215858317.6851659,0,0,76370773670.0407,0,0,10472376746.28,7377954208,1268663546,1609929564,174698792,29167294,11179262.28,89710930765.7584,13322295269.359985,1070518,256228,81760,13661,14979,56,2262,21,286948518402.2145,0.14850259173646072,0.8512983038655665,NA,NA,0.8512984205843342,0.14850247517936768,0,NA,NA,NA
2013,3,20927,16111,20927,0,0,0,0,0,0,4516,3529,0,0,18,0,0,0,15777509359.807516,0,2909701970,0,1252719119.409282,1263116658.945738,17056544350,5327729.987603771,5069809.548852409,117,17056544350,0,0,0,0,0,0,0,0,350294141.95755935,0.08810813972380178,NA,NA,1577750935.9807518,0,0,126311665.89457382,1705654435,350294141.95755935,25001033.702440675,25001033.702440675,0,0,4200130766.6743593,0,0,2767929,867608,550687,0,0,0,0,4540622671.4135,336254285.777945,16,3,0,0,0,0,0,2,15793427691.054262,0.07405466388892179,0.9250120678639995,NA,NA,0.9250120678639995,0.0740546638889218,0,NA,NA,NA
2013,4,884,803,0,42,842,0,0,0,0,215,146,0,0,0,884,215,0,568488377.3084588,0,101735308,0,21237134.885881852,21237134.885881852,590869024,0,0,2,0,0,47459200,0,0,543409824,0,0,590869024,34668013.07537537,0.10740429864253394,NA,NA,142122094.3271147,130723608.18499312,11398486.142121589,5309283.721470463,147717256,34668013.07537537,1058842.6146246325,1058842.6146246325,0,0,378343227.3082121,347999317.34927016,30343909.95894188,0,0,0,0,0,0,0,393238107.1976,14133844.19492652,0,0,0,0,0,0,0,0,569631889.1141181,0.035942203810436765,0.9621224911402003,NA,NA,0.9621224911402003,0.035942203810436765,0,0,0,NA
2013,5A,71101,66412,0,0,71101,0,0,0,0,25553,20015,0,0,471,71101,25553,0,53862905386.29962,0,16417006692,0,5774305026.880641,5844714804.12417,59654278732,10554541.151722323,59855236.09180722,444,0,0,0,0,0,59654278732,0,0,59654278732,3065556797.5891266,0.09826370205763632,NA,NA,13465726346.574905,13465726346.574905,0,1461178701.0310426,14913569683,3065556797.5891266,327310588.1208735,327310588.1208735,0,0,35847110107.21706,35847110107.21706,0,46859467,3595193,2407499,785088,234531,2000,0,39701413853.1143,3889803820.0147386,127,33,3,6,1,0,0,339,53809563927.87583,0.09797645581102171,0.9029177207603426,NA,NA,0.9029177207603426,0.09797645581102171,0,0,NA,NA
2013,5B,24700,24093,0,24700,0,0,0,0,0,11337,8820,0,0,172,24700,11337,0,10006224392.395948,0,3535030492,0,1153972878.7034554,1194092071.8216703,11164892932,144141.8429059765,39975051.27530897,17,0,0,11164892932,0,0,0,0,0,11164892932,714459289.0901948,0.10172793846153846,NA,NA,2501556098.098987,0,2501556098.098987,298523017.9554176,2791223233,714459289.0901948,63546439.47980513,63546439.47980513,0,0,6659392488.749314,0,6659392488.749314,26700326,90930,5000,0,0,0,0,7430515368.569301,794698126.0991172,15,1,0,0,0,0,0,158,9970800860.17833,0.10695060661076748,0.8962221539730882,NA,NA,0.8962221539730882,0.10695060661076748,0,NA,0,NA
2013,6,1704,1657,0,1704,0,0,0,1704,548,548,415,1704,548,41,1704,548,3712816200,3242117800.0759325,1019521540,1019521540,470575059.4422549,470575059.4422549,5373113804.761908,3712816200,0,44383817.28710416,1,0,0,3712816200,3712816200,1019521540,0,0,0,3712816200,100984508.6209503,0.11954165492957747,NA,NA,324613521.77410126,0,324613521.77410126,537451036.3635826,371694088,100984508.6209503,13224633.149049703,13224633.149049703,0,0,864153656.314835,0,864153656.314835,11891271,0,0,0,0,0,0,989486831.6648,1430748403.9034932,0,0,0,0,0,0,0,41,-1660297604.7619076,1.4471801229379218,0.8732233499939837,0.27459520888752853,0.1267434298100334,0.873335176033527,1.44594991880415,1,NA,1,0.3215962441314554
2013,7A,19,19,0,0,19,19,11,0,0,11,11,19,11,0,19,11,299545840,286936973.08558804,122838180,122838180,12608869.447450975,12608869.447450975,440808041.26449096,299545840,0,0,0,0,0,0,0,0,299545840,299545840,122838180,299545840,5462924.847911808,0.10428105263157894,NA,NA,28870200.333466172,28870200.333466172,0,44179215.90840233,30185373,5462924.847911808,290866.7820881922,290866.7820881922,0,0,76855360.30772029,76855360.30772029,0,0,0,0,0,0,0,0,80356481.4633,117609490.66975784,0,0,0,0,0,0,0,0,-141262201.26449096,1.4715879254557198,0.957906720005152,0.4100814085750615,0.04209328845111311,0.9564301336765384,1.4635968191747153,1,1,NA,0.5789473684210527
2013,7B,53,53,0,0,53,53,25,0,0,25,22,53,25,0,53,25,508642320,489323430.1367086,222466660,222466660,19318892.00245784,19318892.00245784,753304037.2075207,508642320,0,0,0,0,0,0,0,0,508642320,508642320,222466660,508642320,9509826.084118348,0.09391339622641509,NA,NA,49630470.07671684,49630470.07671684,0,75330403.72075208,51562359,9509826.084118348,377726.3758816532,377726.3758816532,0,0,132121274.3912279,132121274.3912279,0,0,0,0,0,0,0,0,137264155.8939,200537067.74501413,0,0,0,0,0,0,0,0,-244661717.20752072,1.4810093607773744,0.9620187131434691,0.43737347690612927,0.03798129106217084,0.962532960850702,1.4609572793353398,1,1,NA,0.4716981132075472
2013,8A,360,335,0,0,360,360,145,0,0,145,91,360,145,21,360,145,274250535,231101876.65098873,100452525,100452525,42543309.128851406,42543309.128851406,401631740.6754559,274250535,0,12653671.91315127,0,0,0,0,0,0,274250535,274250535,100452525,274250535,11762941.260787541,0.19638316666666666,NA,NA,23127632.092541263,23127632.092541263,0,40294796.23999633,27569759,11762941.260787541,2024784.1792124594,2024784.1792124594,0,0,61568069.3935541,61568069.3935541,0,3368534,0,0,0,0,0,0,73393455.4339,107268777.07049422,0,0,0,0,0,0,0,21,-127381205.67545593,1.4644702176258504,0.8426670039166514,0.3662801423523203,0.15512571061657693,0.8388768321312225,1.461557797440171,1,1,NA,0.4027777777777778
2013,8B,327,327,0,327,0,0,0,327,133,133,87,327,133,17,327,133,222234460,132652495.85443316,118156590,118156590,83650859.61842844,83650859.61842844,300679331.0586935,222234460,0,18049727.658615377,0,0,0,222234460,222234460,118156590,0,0,0,222234460,7263596.408758271,0.1981420489296636,NA,NA,13265249.585443316,0,13265249.585443316,30067933.105869357,22223446,7263596.408758271,3631583.44124173,3631583.44124173,0,0,35313420.92140865,0,35313420.92140865,4805018,0,0,0,0,0,0,59161035.5966,80043844.72113481,0,0,0,0,0,0,0,17,-78444871.05869353,1.352982481018891,0.5969033598769208,0.5316753756370637,0.37640813948668644,0.5969033598769208,1.3529824810188913,1,NA,1,0.40672782874617736
2013,9,1759,1759,0,0,0,0,0,0,0,602,476,0,0,0,0,0,0,1306668358.0196743,0,488295580,0,234991257.15437374,234991257.15437374,1551130460,0,0,0,0,0,0,0,0,0,0,0,0,30853221.533350028,0.09808371233655486,NA,NA,130666835.80196743,0,0,23499125.715437375,155113046,30853221.533350028,4698769.66664997,4698769.66664997,0,0,347848183.58841753,0,0,0,0,0,0,0,0,0,412926439.7566,62557022.56706584,0,0,0,0,0,0,0,0,1316139202.8456264,0.1514967716863569,0.8423974589601407,NA,NA,0.8423974589601407,0.1514967716863569,0,NA,NA,NA
2014,0,96705,95945,0,0,0,0,0,0,0,34165,26496,0,0,0,0,0,0,0,0,0,0,0,0,0,0,0,96705,0,0,0,0,0,0,0,0,0,0,0.10636736890543405,NA,NA,0,0,0,0,0,0,0,0,0,0,0,0,0,0,0,0,0,0,0,0,0,0,0,0,0,0,0,0,0,0,0,NA,NA,NA,NA,NA,NA,0,NA,NA,NA
2014,1,63539,63457,0,0,0,0,0,0,0,20394,15111,0,0,5,0,0,0,2806112626.0473304,0,1219115170,0,495071859.9906304,495144178.6344494,3302915220,2476.7915458848565,69841.85227314424,4081,0,0,0,0,0,0,0,0,0,78622311.38390633,0.11321979351264579,NA,NA,280730577.566684,0,0,49514417.86344495,330410837,78622311.38390633,10984213.696093665,10984213.696093665,0,0,765075043.0424838,0,0,19709,0,0,0,0,0,675,900468654.0761,134941643.0032465,0,0,0,0,0,0,1,4,2807771041.3655505,0.149911258889185,0.8495866345752981,NA,NA,0.8496409503865153,0.1498571242790228,0,NA,NA,NA
2014,2,1579992,1144717,1579992,0,0,0,0,0,0,113889,86148,0,0,1060767,0,0,0,284332090343.97845,0,17578401370,0,8127028195.013609,45966899669.40814,330321263360,37821113421.89532,3355630.5727809784,13259,330321263360,330321263360,0,0,0,0,0,0,0,7178421702.1865225,0.10233203864323358,4017.3102278010497,4963.39499104893,28433209034.397846,0,0,4596689966.94082,33032126336,7178421702.1865225,172471815.31347665,172471815.31347665,0,0,77489024581.44444,0,0,10308302550.8692,7155179667,1286242767,1481718486,330534636,31176281,22536203.8692,90022453903.5008,12527359166.90387,1033712,259158,111725,26789,16029,71,2748,26,284354363690.59186,0.13915816136641257,0.860774409288026,NA,NA,0.860774409288026,0.13915816136641274,0,NA,NA,NA
2014,3,21613,16397,21613,0,0,0,0,0,0,4159,3151,0,0,31,0,0,0,16557240269.680523,0,2965795240,0,1227752369.7284038,1238597832.6132238,17818905930,6529471.984735626,4315990.900084395,131,17818905930,0,0,0,0,0,0,0,0,378336353.64246416,0.08927524036459539,NA,NA,1655724026.9680524,0,0,123859783.2613224,1781890593,378336353.64246416,25282555.23753584,25282555.23753584,0,0,4512344690.6960335,0,0,2955714,842415,937062,0,0,0,0,4856186433.1029,337555067.32208186,12,19,0,0,0,0,0,2,16580308097.386776,0.06951031884218628,0.9291951107842524,NA,NA,0.9291951107842525,0.06951031884218628,0,NA,NA,NA
2014,4,863,792,0,41,822,0,0,0,0,206,168,0,0,0,863,206,0,556833029.2254611,0,112186860,0,19084505.922067314,19084505.922067314,577082120,0,0,1,0,0,46414260,0,0,530667860,0,0,577082120,35367623.825606264,0.1113235573580533,NA,NA,139208257.30636528,127978006.46625206,11230250.840113236,4771126.480516829,144270530,35367623.825606264,1020314.0343937356,1020314.0343937356,0,0,379384263.63703734,348778461.02247673,30605802.614560597,0,0,0,0,0,0,0,393180475.409,13002750.997352513,0,0,0,0,0,0,0,0,557997614.0779327,0.03307069351250618,0.9649112490705155,NA,NA,0.9649112490705155,0.03307069351250618,0,0,0,NA
2014,5A,70679,66000,0,0,70679,0,0,0,0,25347,19258,0,0,520,70679,25347,0,53477495302.898186,0,16272193876,0,5810226340.804456,5888300505.116642,59310289892,18378864.712141782,59695299.600044034,453,0,0,0,0,0,59310289892,0,0,59310289892,3146683949.188685,0.10070795016907427,NA,NA,13369373825.724546,13369373825.724546,0,1472075126.2791605,14827572473,3146683949.188685,343098811.80131525,343098811.80131525,0,0,36435554487.2471,36435554487.2471,0,53193880,8918714,2094499,1199843,308924,0,0,40409583260.6669,4011846341.648596,114,34,11,8,0,0,0,399,53421989386.88336,0.09927957721735699,0.9016562792101853,NA,NA,0.9016562792101853,0.09927957721735699,0,0,NA,NA
2014,5B,24415,23799,0,24415,0,0,0,0,0,11597,8837,0,0,168,24415,11597,0,9769290294.362041,0,3816357860,0,1131351517.8025105,1174454087.060941,10901147540,119370.34454922394,42983198.91388104,16,0,0,10901147540,0,0,0,0,0,10901147540,730181221.0675452,0.10464686831865656,NA,NA,2442322573.5905104,0,2442322573.5905104,293613521.76523525,2725286885,730181221.0675452,64537659.282454826,64537659.282454826,0,0,6656061709.806218,0,6656061709.806218,29366858,57330,0,0,24000,0,0,7427224347.690499,800184930.8667955,11,0,0,2,0,0,0,156,9726693452.939058,0.10773673897646752,0.8961708167433942,NA,NA,0.8961708167433942,0.10773673897646752,0,NA,0,NA
2014,6,1747,1696,0,1747,0,0,0,1747,615,615,391,1747,615,42,1747,615,3667636021.6666665,3192338983.4200993,1260715620,1260715620,475149559.50101745,475149559.50101745,5290382820.843932,3667636021.6666665,0,37167234.18828508,1,0,0,3667636021.6666665,3667636021.6666665,1260715620,0,0,0,3667636021.6666665,105198295.19046064,0.12312149971379507,NA,NA,319904578.899559,0,319904578.899559,529509275.8495635,367434283,105198295.19046064,13974661.119539356,13974661.119539356,0,0,871835948.8749682,0,871835948.8749682,10327791,0,0,0,0,0,0,1001368651.4598999,1443071629.4728153,0,0,0,0,0,0,0,42,-1622746799.1772656,1.4424503384716592,0.8704077952559262,0.34374065816571925,0.1295519938985378,0.8706443402276619,1.44109926685737,1,NA,1,0.35203205495134515
2014,7A,19,19,0,0,19,19,9,0,0,9,9,19,9,0,19,9,350174500,336911720.15912086,122983880,122983880,13262781.600609733,13262781.600609733,518630361.8392909,350174500,0,0,0,0,0,0,0,0,350174500,350174500,122983880,350174500,6416230.720053063,0.08316842105263159,NA,NA,33691172.015912086,33691172.015912086,0,51863036.1839291,35017450,6416230.720053063,288945.9599469375,288945.9599469375,0,0,91818551.0949652,91818551.0949652,0,0,0,0,0,0,0,0,95433056.48499998,141342332.51206195,0,0,0,0,0,0,0,0,-168455861.83929092,1.4810626183211253,0.9621252265916589,0.3512074123044368,0.037874778433637325,0.9621252265916589,1.4810626183211257,1,1,NA,0.47368421052631576
2014,7B,61,61,0,0,61,61,29,0,0,29,21,61,29,0,61,29,750340220,724646827.7334969,264969740,264969740,25693395.131323718,25693395.131323718,1112663636.731569,750340220,0,0,0,0,0,0,0,0,750340220,750340220,264969740,750340220,13918916.613439878,0.0854311475409836,NA,NA,72464682.7733497,72464682.7733497,0,111266363.6731569,75034022,13918916.613439878,534804.0565601225,534804.0565601225,0,0,197487999.9622099,197487999.9622099,0,0,0,0,0,0,0,0,204490220.1566,303234220.91845447,0,0,0,0,0,0,0,0,-362323416.73156905,1.482878842255809,0.9657576768755604,0.3531327962134297,0.03424232694246847,0.9657576768755606,1.482878842255809,1,1,NA,0.47540983606557374
2014,8A,375,349,0,0,375,375,149,0,0,149,101,375,149,26,375,149,293544210,244805789.56641215,105067210,105067210,48000231.14857778,48000231.14857778,436738945.2196945,293544210,0,21530029.72149855,0,0,0,0,0,0,293544210,293544210,105067210,293544210,13393413.676086793,0.2069596,NA,NA,24480578.956641216,24480578.956641216,0,43673894.52196945,29354421,13393413.676086793,2388676.2239132067,2388676.2239132067,0,0,66716921.8305343,66716921.8305343,0,5867579,0,0,0,0,0,0,79999603.55129999,119024464.74072334,0,0,0,0,0,0,0,26,-143194735.2196945,1.4878131822790663,0.8339656556891794,0.3579263580092416,0.16351959777567332,0.8339656556891794,1.4878131822790663,1,1,NA,0.3973333333333333
2014,8B,346,346,0,346,0,0,0,346,129,129,86,346,129,22,346,129,225805780,144239917.04562256,109607400,109607400,78070064.31805995,78070064.31805995,308795987.66105074,225805780,0,14366047.77455693,0,0,0,225805780,225805780,109607400,0,0,0,225805780,8381814.040013327,0.20953809248554914,NA,NA,14423991.704562258,0,14423991.704562258,30879598.766105074,22580578,8381814.040013327,3594797.489986673,3594797.489986673,0,0,39309704.59244352,0,39309704.59244352,3915179,0,0,0,0,0,0,61538849.2234,84156170.51726615,0,0,0,0,0,0,0,22,-82990207.66105074,1.3675291556356561,0.6387786753980459,0.4854056437350718,0.3457398845948937,0.638778675398046,1.3675291556356561,1,NA,1,0.37283236994219654
2014,9,1816,1816,0,0,0,0,0,0,0,705,576,0,0,0,0,0,0,1353562216.0728374,0,497856770,0,209550552.13827598,209550552.13827598,1572611310,0,0,1,0,0,0,0,0,0,0,0,0,33290687.17547306,0.09949366189427312,NA,NA,135356221.60728374,0,0,20955055.2138276,157261131,33290687.17547306,4380005.134526939,4380005.134526939,0,0,368886310.7463304,0,0,0,0,0,0,0,0,0,428583760.3143,57108811.97424435,0,0,0,0,0,0,0,0,1363060757.861724,0.1332500604604427,0.8607099589490027,NA,NA,0.8607099589490027,0.1332500604604427,0,NA,NA,NA
2015,0,96939,96247,0,0,0,0,0,0,0,35525,28688,0,0,0,0,0,0,0,0,0,0,0,0,0,0,0,96939,0,0,0,0,0,0,0,0,0,0,0.10912062152487648,NA,NA,0,0,0,0,0,0,0,0,0,0,0,0,0,0,0,0,0,0,0,0,0,0,0,0,0,0,0,0,0,0,0,NA,NA,NA,NA,NA,NA,0,NA,NA,NA
2015,1,62759,62688,0,0,0,0,0,0,0,21243,16907,0,0,3,0,0,0,2871156768.770221,0,1347677150,0,584813082.7846699,584831722.4698863,3457424740,2529.510961214165,16110.17425519955,4145,0,0,0,0,0,0,0,0,0,80497230.08499907,0.11644560254306155,NA,NA,287115676.87702215,0,0,58483172.24698863,345742474,80497230.08499907,12349297.925000936,12349297.925000936,0,0,766168183.7463336,0,0,4974,0,0,0,0,0,675,922613791.869,156062345.14108914,0,0,0,0,0,0,1,2,2872593017.5301137,0.1691524086421289,0.8304321813727235,NA,NA,0.8304321813727236,0.1691524086421289,0,NA,NA,NA
2015,2,1580720,1145507,1580720,0,0,0,0,0,0,120097,103163,0,0,1037970,0,0,0,300094918163.95074,0,20100975690,0,9433165692.757788,47789665962.22086,347926250530,38340939045.965904,1432857.4105302605,14879,347926250530,347926250530,0,0,0,0,0,0,0,7524426069.419115,0.10554308826357604,4346.461855421465,5164.867223426496,30009491816.395077,0,0,4778966596.222085,34792625053,7524426069.419115,195593334.51088455,195593334.51088455,0,0,80080328912.05026,0,0,10231661942.416,7149475514,1322195677,1516338052,82274175,32253220,128742946.416,92844119953.9305,12752672362.018677,1033031,265547,104560,4714,16485,24,4295,10,300136584567.7791,0.13735573527269737,0.8625245083025864,NA,NA,0.8625245083025864,0.13735573527269734,0,NA,NA,NA
2015,3,22178,16667,22178,0,0,0,0,0,0,4209,3219,0,0,33,0,0,0,18641834230.158947,0,3463145180,0,1604416619.9564197,1618941397.9215689,20290594680,14524777.96514896,0,38,20290594680,0,0,0,0,0,0,0,0,418094345.99323714,0.09134773559383172,NA,NA,1864183423.0158947,0,0,161894139.79215688,2029059468,418094345.99323714,32353881.10676289,32353881.10676289,0,0,4974573464.317915,0,0,3875937,1400780,2475157,0,0,0,0,5414545190.358,432014512.03537065,13,25,0,0,0,0,0,0,18671653282.07843,0.07978777475247309,0.9187426255443267,NA,NA,0.9187426255443266,0.07978777475247309,0,NA,NA,NA
2015,4,852,781,0,42,810,0,0,0,0,202,159,0,0,0,852,202,0,544928635.5489138,0,125356996,0,25890691.948411632,25890691.948411632,571984184,0,0,1,0,0,47200808,0,0,524783376,0,0,571984184,34725761.73391552,0.11500536384976526,NA,NA,136232158.88722846,124843105.9336896,11389052.953538883,6472672.987102908,142996046,34725761.73391552,1293688.2560844803,1293688.2560844803,0,0,363535515.9905692,333143828.1840507,30391687.80651851,0,0,0,0,0,0,0,381584948.751,17272327.86608411,0,0,0,0,0,0,0,0,546093492.0515884,0.045264699047013565,0.9526987822252684,NA,NA,0.9526987822252684,0.045264699047013565,0,0,0,NA
2015,5A,70665,65939,0,0,70665,0,0,0,0,25853,19458,0,0,141,70665,25853,0,56886924761.579865,0,17821279740,0,6634542606.363725,6655517185.340678,63544618320,17902545.99962526,3072032.977328087,407,0,0,0,0,0,63544618320,0,0,63544618320,3318598776.1966653,0.10370629434656477,NA,NA,14221731190.394966,14221731190.394966,0,1663879296.3351696,15886154580,3318598776.1966653,374848797.7833348,374848797.7833348,0,0,37950689681.56896,37950689681.56896,0,13992666,8687666,1897499,1019868,338203,0,0,42392203496.729996,4440061902.270399,98,26,9,7,0,0,0,36,56889101134.659325,0.10473770023803769,0.8952280502356138,NA,NA,0.8952280502356138,0.10473770023803769,0,0,NA,NA
2015,5B,24123,23504,0,24123,0,0,0,0,0,11635,8810,0,0,68,24123,11635,0,9619734737.951569,0,4114682172,0,1324105437.624377,1335162800.187615,10944301496,98002.62319655238,10959359.940041222,18,0,0,10944301496,0,0,0,0,0,10944301496,727568124.4131984,0.10804040169133192,NA,NA,2404933684.487892,0,2404933684.487892,333790700.0469037,2736075374,727568124.4131984,72129987.42680167,72129987.42680167,0,0,6417565537.05594,0,6417565537.05594,7376643,65380,0,0,0,0,0,7301217135.519,890720483.0751625,12,0,0,0,0,0,0,56,9609138695.812386,0.12199616400147598,0.8789720149310083,NA,NA,0.8789720149310083,0.12199616400147598,0,NA,0,NA
2015,6,1783,1733,0,1783,0,0,0,1783,596,596,365,1783,596,26,1783,596,3949390650,3400565499.5758553,1426797290,1426797290,548452446.5650975,548452446.5650975,5683087890.399661,3949390650,0,34519883.82986697,1,0,0,3949390650,3949390650,1426797290,0,0,0,3949390650,113332553.2234215,0.1252667077958497,NA,NA,340115165.10631245,0,340115165.10631245,568323442.8271478,394997680,113332553.2234215,15307928.326578503,15307928.326578503,0,0,907597318.0861948,0,907597318.0861948,9211631,0,0,0,0,0,0,1054051309.0799999,1516571107.184244,0,0,0,0,0,0,0,26,-1733697240.399661,1.4389784131381536,0.8610354864682366,0.36127023544758735,0.13887014356634927,0.8610561082442623,1.4388019768297065,1,NA,1,0.33426808749298936
2015,7A,20,20,0,0,20,20,10,0,0,10,10,20,10,0,20,10,462569560,441147675.9688778,128406230,128406230,21421890.427280862,21421890.427280862,681951822.3944173,462569560,0,0,0,0,0,0,0,0,462569560,462569560,128406230,462569560,8284229.676889121,0.086465,NA,NA,44210094.15578221,44210094.15578221,0,68252861.3839685,48534778,8284229.676889121,1210868.5531108791,1210868.5531108791,0,0,117974636.25470482,117974636.25470482,0,0,0,0,0,0,0,0,129515055.093,182132760.60311994,0,0,0,0,0,0,0,0,-219382262.3944173,1.4742686967867433,0.9536893780232271,0.27759334185327716,0.04631063580422556,0.9108951555476819,1.4062670974608869,1,1,NA,0.5
2015,7B,127,127,0,0,127,127,32,0,0,32,28,127,32,0,127,32,1042487730,991403016.5513443,299451420,299451420,51084706.40414061,51084706.40414061,1538189231.2311568,1042487730,0,0,0,0,0,0,0,0,1042487730,1042487730,299451420,1042487730,19109043.51733976,0.09186401574803149,NA,NA,99946137.50803798,99946137.50803798,0,153818923.1231157,105054609,19109043.51733976,999798.5826602434,999798.5826602434,0,0,266706267.94019935,266706267.94019935,0,0,0,0,0,0,0,0,280338224.11649996,410465796.35403425,0,0,0,0,0,0,0,0,-495701501.2311568,1.4754986432609205,0.9509973000366577,0.28724694917991983,0.04900269320593405,0.9513731806668091,1.4641806255555687,1,1,NA,0.25196850393700787
2015,8A,392,365,0,0,392,392,141,0,0,141,78,392,141,0,392,141,308971146.6666667,262081517.50134963,126984403.33333333,126984403.33333333,46639451.682260215,46639451.682260215,437790891.12378407,308971146.6666667,0,0,0,0,0,0,0,0,308971146.6666667,308971146.6666667,126984403.33333333,308971146.6666667,14432240.53139568,0.21086270408163266,NA,NA,26326401.958764996,26326401.958764996,0,43857922.58479843,31015365,14432240.53139568,2350204.4986043214,2350204.4986043214,0,0,70252003.62696439,70252003.62696439,0,0,0,0,0,0,0,0,82764501.5025,117034866.41753462,0,0,0,0,0,0,0,0,-128819744.45711738,1.4169313084632285,0.8482394564308495,0.41099113850372043,0.15095083209364257,0.848818060298984,1.4140708189246984,1,1,NA,0.3596938775510204
2015,8B,389,389,0,389,0,0,0,389,147,147,103,389,147,0,389,147,248208620,163742299.23147625,108235530,108235530,78053501.90809238,78053501.90809238,323666950.7553067,248208620,0,0,0,0,0,248208620,248208620,108235530,0,0,0,248208620,9745275.732952313,0.21595979434447302,NA,NA,16374229.923147626,0,16374229.923147626,32366695.075530674,24820862,9745275.732952313,3529403.067047687,3529403.067047687,0,0,43694632.549919434,0,43694632.549919434,0,0,0,0,0,0,0,66234470.246999994,86370525.8090536,0,0,0,0,0,0,0,0,-75458330.75530672,1.304011725117793,0.6596962636973537,0.4360667651268518,0.3144673295717626,0.6596962636973537,1.304011725117793,1,NA,1,0.37789203084832906
2015,9,1809,1809,0,0,0,0,0,0,0,689,582,0,0,0,0,0,0,1418707738.6361854,0,536633990,0,224773281.74033016,224773281.74033016,1655558450,0,0,2,0,0,0,0,0,0,0,0,0,34249980.59950636,0.10194473189607518,NA,NA,141870773.86361855,0,0,22477328.174033016,165555845,34249980.59950636,4548108.230493636,4548108.230493636,0,0,378582160.05506605,0,0,0,0,0,0,0,0,0,441785772.3825,59980750.2324071,0,0,0,0,0,0,0,0,1430785168.2596698,0.13576885898551644,0.8569360620497485,NA,NA,0.8569360620497486,0.13576885898551644,0,NA,NA,NA
2016,0,96641,95945,0,0,0,0,0,0,0,36429,30248,0,0,0,0,0,0,0,0,0,0,0,0,0,0,0,96641,0,0,0,0,0,0,0,0,0,0,0.10840821493982884,NA,NA,0,0,0,0,0,0,0,0,0,0,0,0,0,0,0,0,0,0,0,0,0,0,0,0,0,0,0,0,0,0,0,NA,NA,NA,NA,NA,NA,0,NA,NA,NA
2016,1,63441,63352,0,0,0,0,0,0,0,21674,17833,0,0,2,0,0,0,3001580374.669979,0,1520337680,0,695944658.303911,695947076.9682945,3697814400,2407.9623287671234,10.702054794520548,4165,0,0,0,0,0,0,0,0,0,84842930.83918509,0.11478386075251021,NA,NA,300158037.4669979,0,0,69594707.69682945,369781440,84842930.83918509,15599435.780814905,15638165.519534864,32532.85984634903,6196.878873610879,841403010.6274885,0,0,678,0,0,0,0,0,675,1036571332.608,195087884.6157523,0,0,0,0,0,0,1,1,3001867323.0317054,0.18820497777505937,0.8117174227754587,NA,NA,0.8117174227754587,0.18820497777505937,0,NA,NA,NA
2016,2,1581414,1145964,1581414,0,0,0,0,0,0,169595,153721,0,0,1048479,0,0,0,312824249995.53625,0,37587647980,0,10633346710.358961,49465166723.52281,362327849530,38817201836.79814,0,14086,362327849530,362327849530,0,0,0,0,0,0,0,7956224248.744717,0.10226488615884262,4567.390596320377,5480.295245903828,31282424999.553623,0,0,4946516672.35229,36232784953,7956224248.744717,223872537.8352841,232011114.52216285,6865380.080948965,1273196.605929792,87690893758.74872,0,0,10881238018.8912,7238540321,1346208616,2038431596,68574164,33724438,155758883.8912,101567742780.2496,13866075535.93795,1045157,270787,136679,3133,17253,28,4716,0,312862682806.4772,0.1365204656161193,0.8633734624631305,NA,NA,0.8633734624631304,0.13652046561611955,0,NA,NA,NA
2016,3,22551,16870,22551,0,0,0,0,0,0,5723,4820,0,0,31,0,0,0,19568123444.72946,0,5421814370,0,1905350696.8908272,1923646687.187631,21519181660,14164451.3413242,4131538.955479452,40,21519181660,0,0,0,0,0,0,0,0,461667975.8905654,0.09113339851891268,NA,NA,1956812344.4729462,0,0,192364668.71876308,2151918166,461667975.8905654,40054051.09943459,41003872.16781756,798527.6189505585,151293.44943241263,5485336364.026563,0,0,5128732,50400,3794999,125180,0,0,0,6032257002.9312,539236639.3524367,9,23,1,0,0,0,0,1,19595534972.81237,0.08939218589168371,0.9093339957765597,NA,NA,0.9093339957765597,0.08939218589168371,0,NA,NA,NA
2016,4,843,772,0,42,801,0,0,0,0,210,182,0,0,0,843,210,0,540457945.1782309,0,133819456,0,32450750.72812456,32450750.72812456,573581944,0,0,1,0,0,47134396,0,0,526447548,0,0,573581944,33995335.262778364,0.10980953736654804,NA,NA,135114486.29455772,123846624.15026966,11267862.144288078,8112687.68203114,143395486,33995335.262778364,1724215.0572216325,1736101.306797639,10043.123479568258,1843.1260964382113,378752927.9809042,347166856.8180359,31586071.16286834,0,0,0,0,0,0,0,401966226.3552,22741486.110269688,0,0,0,0,0,0,0,0,541131193.2718754,0.05657561411682889,0.942250624922445,NA,NA,0.942250624922445,0.05657561411682889,0,0,0,NA
2016,5A,70669,65904,0,0,70669,0,0,0,0,27359,22142,0,0,113,70669,27359,0,57175677293.04179,0,19602678080,0,7457461651.822043,7478160035.098299,64656948536,18389412.10045662,2308971.1757990867,430,0,0,0,0,0,64656948536,0,0,64656948536,3443604357.649169,0.10179800223577523,NA,NA,14293919323.260447,14293919323.260447,0,1869540008.7745748,16164237134,3443604357.649169,439726865.920831,441583745.83473206,1553302.3528226598,303577.56107839243,40068714646.963684,40068714646.963684,0,14505427,8494178,1951999,2041239,397884,2000,0,45311589534.0288,5240694552.596888,100,29,9,7,1,0,0,6,57178788500.9017,0.11565903130944347,0.8842928499975102,NA,NA,0.8842928499975102,0.11565903130944347,0,0,NA,NA
2016,5B,23675,23057,0,23675,0,0,0,0,0,11463,9210,0,0,44,23675,11463,0,9631377108.376469,0,4137754752,0,1448941866.914661,1454864974.7913733,11080957824,109417.80821917808,5813690.068493151,18,0,0,11080957824,0,0,0,0,0,11080957824,722529710.1230648,0.10524615966209082,NA,NA,2407844277.094117,0,2407844277.094117,363716243.6978433,2770239456,722529710.1230648,84522677.92693523,84535260.65701872,10562.099317013226,2020.6307664887283,6749669077.550229,0,6749669077.550229,4150914,71680,5000,0,0,0,0,7765535243.059199,1019569374.3337944,13,1,0,0,0,0,0,30,9626092849.208626,0.13129415325815189,0.8691827242150568,NA,NA,0.8691827242150568,0.13129415325815189,0,NA,0,NA
2016,6,1890,1840,0,1890,0,0,0,1890,651,651,474,1890,651,6,1890,651,4093569030,3451237231.298684,1454942900,1454942900,641931877.7246033,641931877.7246033,5823888531.338286,4093569030,0,5833493.8641552515,1,0,0,4093569030,4093569030,1454942900,0,0,0,4093569030,112292666.96729195,0.11808702645502646,NA,NA,345182338.1057483,0,345182338.1057483,582403506.8777986,409415518,112292666.96729195,18750463.192708053,18756307.666674346,4938.208081640109,906.2658846552622,967615130.1780337,0,967615130.1780337,1635245,0,0,0,0,0,0,1147673580.0576,1632593510.479845,0,0,0,0,0,0,0,6,-1730319501.3382864,1.4226921516792612,0.8430875859197822,0.35542161115089344,0.15681471914120948,0.843110050620378,1.4225242602499462,1,NA,1,0.34444444444444444
2016,7A,27,27,0,0,27,27,15,0,0,15,15,27,15,0,27,15,458852810,431412508.98397243,127970160,127970160,27440305.721463166,27440305.721463166,674559069.1974218,458852810,0,0,0,0,0,0,0,0,458852810,458852810,127970160,458852810,8960160.990809392,0.09024925925925925,NA,NA,43593180.12159214,43593180.12159214,0,67455906.91974218,46473105,8960160.990809392,593473.4491906066,593473.4491906066,0,0,122200402.51684709,122200402.51684709,0,0,0,0,0,0,0,0,130273407.93599999,189092398.27742127,0,0,0,0,0,0,0,0,-215706259.1974218,1.4700990263030573,0.9401980320965506,0.27889152514942644,0.05980197815823154,0.9380302891660056,1.45150419623871,1,1,NA,0.5555555555555556
2016,7B,139,139,0,0,139,139,30,0,0,30,26,139,30,0,139,30,1088814950,1003831371.9406925,324785670,324785670,84983585.51348317,84983585.51348317,1590730643.424522,1088814950,0,0,0,0,0,0,0,0,1088814950,1088814950,324785670,1088814950,20732170.61187226,0.09597726618705035,NA,NA,100383137.19406927,100383137.19406927,0,159073064.3424522,108881495,20732170.61187226,2103526.728127742,2103526.728127742,0,0,281394010.18241495,281394010.18241495,0,0,0,0,0,0,0,0,305216606.784,445913613.964762,0,0,0,0,0,0,0,0,-501915693.4245219,1.460974285322333,0.9219485569523935,0.2982928090765102,0.07805144989374288,0.9219485569523936,1.4609742853223333,1,1,NA,0.2158273381294964
2016,8A,420,392,0,0,420,420,157,0,0,157,89,420,157,2,420,157,334318565,264959972.25756857,138357410,138357410,68640652.42545176,68640652.42545176,468660913.27132744,334318565,0,4695180.507990868,0,0,0,0,0,0,334318565,334318565,138357410,334318565,15050841.219531782,0.20528859523809523,NA,NA,26665187.4696343,26665187.4696343,0,46909068.26452518,33601726,15050841.219531782,3578094.4704682184,3578094.4704682184,0,0,74747853.51487887,74747853.51487887,0,1316153,0,0,0,0,0,0,94192358.3232,131495500.15911698,0,0,0,0,0,0,0,2,-134342348.27132744,1.4018393303145682,0.7925374178893373,0.4138490185251902,0.2053151084369238,0.7935660051996822,1.396031509349406,1,1,NA,0.3738095238095238
2016,8B,463,453,0,463,0,0,0,463,165,165,124,463,165,0,463,165,260435760,176775729.65586162,121647730,121647730,80760143.11915088,80760143.11915088,345923737.6029433,260435760,0,0,0,0,0,260435760,260435760,121647730,0,0,0,260435760,10835207.4850954,0.21010539956803456,NA,NA,17677572.965586163,0,17677572.965586163,34592373.76029433,26043576,10835207.4850954,3685569.954904599,3685569.954904599,0,0,49553772.53713113,0,49553772.53713113,0,0,0,0,0,0,0,73005352.2432,96969342.12485707,0,0,0,0,0,0,0,0,-85487977.6029433,1.3282497672475673,0.6787690356188475,0.467093036685899,0.3100962138192961,0.6787690356188475,1.3282497672475675,1,NA,1,0.3563714902807775
2016,9,1823,1823,0,0,0,0,0,0,0,764,668,0,0,1,0,0,0,1393317964.0523796,0,667022440,0,244348494.73219275,244656514.13858545,1652373140,0,308019.40639269404,2,0,0,0,0,0,0,0,0,0,35662625.20492238,0.10153190345584202,NA,NA,139331796.40523797,0,0,24465651.413858544,165237314,35662625.20492238,5154581.625077621,5230837.475666211,63928.6503559036,12327.20023268696,390574891.68316305,0,0,86344,0,0,0,0,0,0,463193238.6048,68582114.04332827,0,0,0,0,0,0,0,1,1407716625.8614144,0.14806372012231175,0.8432223511284985,NA,NA,0.8432223511284985,0.14806372012231175,0,NA,NA,NA
2017,0,96711,95891,0,0,0,0,0,0,0,36889,30885,0,0,0,0,0,0,0,0,0,0,0,0,0,0,0,96711,0,0,0,0,0,0,0,0,0,0,0.10675548407109843,NA,NA,0,0,0,0,0,0,0,0,0,0,0,0,0,0,0,0,0,0,0,0,0,0,0,0,0,0,0,0,0,0,0,NA,NA,NA,NA,NA,NA,0,NA,NA,NA
2017,1,63810,63694,0,0,0,0,0,0,0,22137,18562,0,0,2,0,0,0,3003827389.872444,0,1515541480,0,730753293.3602046,730755834.9607717,3735111730,2531.4746683768185,10.125898673507274,4244,0,0,0,0,0,0,0,0,0,89685017.93488571,0.11166257655539884,NA,NA,300382738.9872444,0,0,73075583.49607718,373511173,89685017.93488571,17991771.085114285,18091874.73739562,84702.13863594906,15401.513645387851,889943940.797509,0,0,753,0,0,0,0,0,750,1106601552.2470999,216501031.22382784,0,0,0,0,0,0,1,1,3004355895.0392284,0.19564497337293085,0.8042135301458423,NA,NA,0.8042135301458423,0.19564497337293088,0,NA,NA,NA
2017,2,1581809,1146217,1581809,0,0,0,0,0,0,169603,156730,0,0,1031457,0,0,0,308434498530.3422,0,37758933960,0,11400304811.031797,63174908774.44666,371657381320,51759624546.380424,37600.83707429034,29818,371657381320,371657381320,0,0,0,0,0,0,0,8205625071.58313,0.0999037708914288,4942.733638144315,5558.494259275955,30845334488.68822,0,0,6317626565.080823,37167758455,8205625071.58313,247966084.82687074,265518267.06197497,14931084.956202922,2621097.27890131,91385472489.6366,0,0,15334845104.3562,10166813978,2198339117,2682601187,53857123,34385649,198836910.35619998,110116917974.6285,18717232224.364906,1028627,281897,157155,2536,17701,28,5564,3,308482472545.55334,0.1699815796744598,0.8298893390328702,NA,NA,0.8298949350425179,0.16997599068907376,0,NA,NA,NA
2017,3,24196,18398,24196,0,0,0,0,0,0,6460,5635,0,0,43,0,0,0,21859456579.6104,0,6548087880,0,2666228987.5300016,2696978165.6445594,24597757840,20412856.516015798,10336321.59854187,40,24597757840,0,0,0,0,0,0,0,0,547027521.1063765,0.09049853074888412,NA,NA,2185945657.96104,0,0,269697816.5644559,2459775784,547027521.1063765,59089786.87362342,61413603.27843286,1969767.775703411,354048.6291060276,6476301200.841173,0,0,9110059,81000,5792265,174452,0,0,0,7287577715.2568,799033721.1355137,9,23,2,0,0,0,0,13,21900779674.355442,0.10964325216905865,0.8886767941126459,NA,NA,0.8886767941126459,0.10964325216905864,0,NA,NA,NA
2017,4,813,742,0,42,771,0,0,0,0,205,183,0,0,0,813,205,0,531086217.26187545,0,130848872,0,39346608.71432174,39346608.71432174,570432960,0,0,2,0,0,47623272,0,0,522809688,0,0,570432960,35043666.467383325,0.10687944649446494,NA,NA,132771554.31546886,121264074.17049302,11507480.144975843,9836652.178580435,142608240,35043666.467383325,2271310.3726166743,2294995.7136223963,20182.243168373338,3503.0978373485027,393362283.9704396,359269072.54491967,34093211.42551993,0,0,0,0,0,0,0,422505432.648,29143049.40948025,0,0,0,0,0,0,0,0,531086351.28567827,0.06897674481208403,0.9310230202369012,NA,NA,0.9310230202369012,0.06897674481208403,0,0,0,NA
2017,5A,70318,65547,0,0,70318,0,0,0,0,27412,23056,0,0,113,70318,27412,0,57254471646.907555,0,19822725972,0,8084106406.934719,8109586656.706886,65366651056,20518016.67397982,4962233.098187464,431,0,0,0,0,0,65366651056,0,0,65366651056,3635520658.206953,0.09933469893910521,NA,NA,14313617911.726889,14313617911.726889,0,2027396664.1767216,16341662764,3635520658.206953,501940986.94304687,506910748.2416136,4192117.8845886886,777643.413978045,42406955787.07325,42406955787.07325,0,18872584,11489821,2394400,993298,317663,2000,0,48415444270.9028,6006568096.956373,96,29,11,4,1,0,0,13,57257064399.29311,0.12406305854279356,0.8758972766993571,NA,NA,0.8758972766993571,0.12406305854279356,0,0,NA,NA
2017,5B,23400,22772,0,23400,0,0,0,0,0,11383,9224,0,0,34,23400,11383,0,9493256157.619211,0,4315465396,0,1753803931.1039312,1758634488.365888,11247703876,175805.8527694333,4654751.409187566,18,0,0,11247703876,0,0,0,0,0,11247703876,744101721.217548,0.10328555341880342,NA,NA,2373314039.404803,0,2373314039.404803,439658622.091472,2811925969,744101721.217548,112539899.37245202,112568899.79874544,24540.59537459416,4459.83091883653,7031417504.54461,0,7031417504.54461,3577873,113400,0,0,16815,0,0,8330893068.356299,1302576599.6704042,14,0,0,1,0,0,0,19,9489069387.634111,0.15635497766956752,0.8440172556352257,NA,NA,0.8440172556352257,0.15635497766956752,0,NA,0,NA
2017,6,1963,1913,0,1963,0,0,0,1963,666,666,485,1963,666,6,1963,666,4366915160,3694946397.9992814,1437395930,1437395930,671446077.3214675,671446077.3214675,6220285494.079392,4366915160,0,6419819.759003611,0,0,0,4366915160,4366915160,1437395930,0,0,0,4366915160,123909698.32169151,0.1151248344370861,NA,NA,369494639.7999282,0,369494639.7999282,622028549.4079393,436691516,123909698.32169151,20973901.22830848,20991071.26901463,14630.56565909826,2539.475047049652,1094701769.335247,0,1094701769.335247,1902000,0,0,0,0,0,0,1293785954.4531999,1842883983.3309019,0,0,0,0,0,0,0,6,-1853370334.0793924,1.4244118024219625,0.8461227806402544,0.3291559092254039,0.15375752738953313,0.8461227806402545,1.4244118024219625,1,NA,1,0.3392766174223128
2017,7A,23,23,0,0,23,23,13,0,0,13,12,23,13,0,23,13,539392970,466779997.9619154,209059040,209059040,72612973.99738756,72612973.99738756,772782970.9402606,539392970,0,0,0,0,0,0,0,0,539392970,539392970,209059040,539392970,10413770.432968406,0.09017826086956522,NA,NA,46986762.73818542,46986762.73818542,0,77278297.09402606,54248060,10413770.432968406,1949647.2170315934,1949647.2170315934,0,0,139207681.96442196,139207681.96442196,0,0,0,0,0,0,0,0,160720727.362,228952410.800471,0,0,0,0,0,0,0,0,-233390000.94026065,1.4326901052126442,0.8653802031604442,0.3875820628511343,0.13461980047197789,0.8661464158936821,1.4245356809815146,1,1,NA,0.5652173913043478
2017,7B,167,167,0,0,167,167,45,0,0,45,42,167,45,0,167,45,1115076000,1047934485.239671,306206090,306206090,67141528.62354808,67141528.62354808,1639043256.4830544,1115076000,0,0,0,0,0,0,0,0,1115076000,1115076000,306206090,1115076000,23461077.611713186,0.09195862275449102,NA,NA,104978805.2526523,104978805.2526523,0,163904325.64830545,112271083,23461077.611713186,1641107.4282868132,1641107.4282868132,0,0,311020706.322033,311020706.322033,0,0,0,0,0,0,0,0,332625537.6041,485599345.59823453,0,0,0,0,0,0,0,0,-523967256.4830544,1.4698937619346613,0.9397874990042571,0.2746055784538453,0.060212513428275806,0.9350475870322931,1.4598979654298467,1,1,NA,0.2694610778443114
2017,8A,469,439,0,0,469,469,182,0,0,182,119,469,182,3,469,182,400350916.6666667,315099415.67952096,164878683.33333334,164878683.33333334,84401568.54950373,84401568.54950373,559334228.9256707,400350916.6666667,0,7619948.020386809,0,0,0,0,0,0,400350916.6666667,400350916.6666667,164878683.33333334,400350916.6666667,17852619.344453406,0.19632044776119403,NA,NA,31830126.237762176,31830126.237762176,0,56234717.97876237,40443115,17852619.344453406,4300952.295546596,4300952.295546596,0,0,94303115.00461799,94303115.00461799,0,2257562,0,0,0,0,0,0,119820816.8105,166606598.95567927,0,0,0,0,0,0,0,3,-158983312.25900406,1.3971098994419788,0.7870580597218256,0.4118354085613642,0.21081897164675836,0.7870344862843076,1.3904645569156178,1,1,NA,0.3880597014925373
2017,8B,474,461,0,474,0,0,0,474,160,160,121,474,160,11,474,160,291884550,184355250.79836693,144658050,144658050,103236251.96970813,103236251.96970813,366281039.72838384,291884550,0,690630.168427448,0,0,0,291884550,291884550,144658050,0,0,0,291884550,11504660.164275697,0.19967559071729957,NA,NA,19286248.19627482,0,19286248.19627482,37335014.3992657,30178940,11504660.164275697,4658144.855724304,4658144.855724304,0,0,57139367.53110341,0,57139367.53110341,204613,0,0,0,0,0,0,89411145.538,110612447.1607045,0,0,0,0,0,0,0,11,-74396489.72838384,1.2548832739807017,0.6316033198686499,0.49560022961133093,0.3536886483704195,0.6390631412592629,1.2371214628236014,1,NA,1,0.33755274261603374
2017,9,468,468,0,0,0,0,0,0,0,196,184,0,0,0,0,0,0,474385628.6220051,0,231319450,0,86529803.11394934,86529803.11394934,571903790,0,0,1,0,0,0,0,0,0,0,0,0,12363540.2264391,0.09042991452991453,NA,NA,47438562.86220051,0,0,8652980.311394935,57190379,12363540.2264391,1825886.6135609,1913307.2472482536,73451.87543228897,13968.758255064322,140546230.19184145,0,0,0,0,0,0,0,0,0,169437935.8633,25636184.76856977,0,0,0,0,0,0,0,0,485373986.88605064,0.15130132834746443,0.8294850233847989,NA,NA,0.8294850233847989,0.15130132834746446,0,NA,NA,NA
2018,0,96485,95656,0,0,0,0,0,0,0,36637,30049,0,0,0,0,0,0,0,0,0,0,0,0,0,0,0,96485,0,0,0,0,0,0,0,0,0,0,0.10764316743535265,NA,NA,0,0,0,0,0,0,0,0,0,0,0,0,0,0,0,0,0,0,0,0,0,0,0,0,0,0,0,0,0,0,0,NA,NA,NA,NA,NA,NA,0,NA,NA,NA
2018,1,63578,63482,0,0,0,0,0,0,0,22005,17295,0,0,1,0,0,0,3172546890.558466,0,1700811270,0,879833582.4791762,879836159.001901,4053317850,2576.522724930434,0,4377,0,0,0,0,0,0,0,0,0,90943201.33323044,0.11068952247632828,NA,NA,317254689.0558466,0,0,87983615.90019011,405331785,90943201.33323044,19676782.866769567,19830635.4512769,129682.24076142162,24170.34374590693,923496674.3726639,0,0,750,0,0,0,0,0,750,1179880292.9565,256111507.52386338,0,0,0,0,0,0,1,0,3173481690.998099,0.217065671028464,0.7827037029821053,NA,NA,0.7827037029821053,0.21706567102846405,0,NA,NA,NA
2018,2,1580283,1146416,1580283,0,0,0,0,0,0,167082,143998,0,0,1019868,0,0,0,326273257861.40314,0,42065246780,0,15589238977.517622,68766895818.96178,395131495520,53162818521.19667,37600.05496581813,32085,395131495520,395131495520,0,0,0,0,0,0,0,8413624295.677611,0.10013994928123637,5142.190372688097,5697.633930224303,32630467448.747826,0,0,6877193220.409639,39516794854,8413624295.677611,278970843.1823886,331271599.81007206,44184498.968633614,8116257.659049812,94984027696.56004,0,0,15475253788.335,10034431061,2257364811,2798852597,96733335,36182765,251678274.33499998,115029438140.50859,20018821745.290447,1016895,288703,160942,2759,18600,26,6635,3,326364599701.0382,0.17403547071959763,0.8257333610726774,NA,NA,0.8257366916852792,0.17403216140930292,0,NA,NA,NA
2018,3,26035,18432,26035,0,0,0,0,0,0,6398,5747,0,0,41,0,0,0,25271967966.14434,0,7540030050,0,3603988697.097565,3627592194.297744,28945853930,13619097.186437184,9984400.013741454,38,28945853930,0,0,0,0,0,0,0,0,593394074.800306,0.0873216577683887,NA,NA,2527196796.6144342,0,0,362759219.4297744,2894585393,593394074.800306,69978511.11969404,76296562.23443648,5319703.999956231,998347.1147862158,7356417155.264956,0,0,6870742,81000,3726598,156785,0,0,0,8425848620.4837,1055955811.8381302,9,23,3,0,0,0,0,11,25318261735.702255,0.12532337802402999,0.873077298989339,NA,NA,0.873077298989339,0.12532337802402999,0,NA,NA,NA
2018,4,418,347,0,22,396,0,0,0,0,103,87,0,0,0,418,103,0,353833167.0517481,0,158098378,0,52519511.54229888,52519511.54229888,406352773,0,0,7,0,0,5968340,0,0,400384433,0,0,406352773,17326975.843059152,0.0997961004784689,NA,NA,72840531.82524441,71473432.40232982,1367099.4229145995,10528899.335943967,83369450,17326975.843059152,2052299.6669408474,2122499.8181997864,59386.23827563831,10813.91298330035,212031504.09010395,208052014.37994182,3979489.7101621074,0,0,0,0,0,0,0,242680132.005,30648573.07699929,0,0,0,0,0,0,0,0,353833261.4577011,0.12924610100371797,0.8707536666711712,NA,NA,0.8737077169783946,0.12629205705380048,0,0,0,NA
2018,5A,70624,65822,0,0,70624,0,0,0,0,27476,23529,0,0,103,70624,27476,0,62596814329.37047,0,22591011476,0,10119996678.788097,10137247869.828669,72736740552,12287714.452574806,4963476.58799684,443,0,0,0,0,0,72736740552,0,0,72736740552,3774031343.968077,0.09894399807430901,NA,NA,15649203582.342617,15649203582.342617,0,2534311967.457167,18184185138,3774031343.968077,570260323.9719228,582253318.5407236,10051984.837397764,1941009.7314030502,45553266707.84112,45553266707.84112,0,12554123,5725838,2148000,797869,269370,1000,0,52932344518.20419,7377128706.071068,86,23,13,3,1,0,0,13,62599492682.17133,0.13936901479083297,0.860594162651811,NA,NA,0.860594162651811,0.13936901479083297,0,0,NA,NA
2018,5B,23079,22451,0,23079,0,0,0,0,0,11281,9355,0,0,27,23079,11281,0,9636156099.053053,0,4693429360,0,2056539353.147041,2060629314.327432,11694000376,156299.42629427326,3933661.7540966715,18,0,0,11694000376,0,0,0,0,0,11694000376,745032690.2639021,0.1034844291347112,NA,NA,2409039024.763263,0,2409039024.763263,515157328.581858,2923500094,745032690.2639021,121922168.92609794,121989466.3580721,56625.116214055546,10672.315760104619,7012471697.183383,0,7012471697.183383,2976367,99000,0,0,14743,0,0,8510016423.624599,1499571467.7689304,11,0,0,1,0,0,0,15,9633371061.672567,0.1762125233514215,0.8240256361569535,NA,NA,0.8240256361569535,0.1762125233514215,0,NA,0,NA
2018,6,2091,2040,0,2091,0,0,0,2091,728,728,534,2091,728,5,2091,728,4864906520,3966651687.8478055,1787703510,1787703510,897900993.5106804,897900993.5106804,6852451526.759595,4864906520,0,4573001.477206362,0,0,0,4864906520,4864906520,1787703510,0,0,0,4864906520,135329573.7439693,0.1172544380679101,NA,NA,396665168.7847806,0,396665168.7847806,685245152.6759595,486490652,135329573.7439693,25510445.876030713,25566155.912041936,47128.238523354514,8581.79748786759,1154652639.8156178,0,1154652639.8156178,1331155,0,0,0,0,0,0,1416125638.9068,1994680114.9244504,0,0,0,0,0,0,0,5,-1987545006.759595,1.4085474198915533,0.815360309913582,0.3674692417316993,0.1845669572106558,0.8153603099135821,1.408547419891553,1,NA,1,0.3481587757054041
2018,7A,47,47,0,0,47,47,20,0,0,20,11,47,20,3,47,20,674414350,578724442.4834347,252088310,252088310,95652239.15622364,95652239.15622364,957747274.1125001,674414350,0,504222.06190525263,0,0,0,0,0,0,674414350,674414350,252088310,674414350,12220693.280531285,0.10995744680851063,NA,NA,58262195.29819032,58262195.29819032,0,96034561.44448124,67831186,12220693.280531285,2328650.0794687145,2328650.0794687145,0,0,169595424.29350218,169595424.29350218,0,146774,0,0,0,0,0,0,197449799.3274,279547004.9087404,0,0,0,0,0,0,0,3,-283332924.1125001,1.420116986111728,0.858114069612301,0.37378847291728,0.14183007694931704,0.8589293322718892,1.41578773876195,1,1,NA,0.425531914893617
2018,7B,198,198,0,0,198,198,60,0,0,60,54,198,60,3,198,60,1670705470,1545062876.7269223,521259960,521259960,125641323.95745225,125641323.95745225,2443252365.833366,1670705470,0,16726.785530248377,0,0,0,0,0,0,1670705470,1670705470,521259960,1670705470,31848182.05208853,0.09032641414141414,NA,NA,154506287.67269224,154506287.67269224,0,244325236.5833366,167070547,31848182.05208853,2576887.7079114732,2576887.7079114732,0,0,449752352.78643984,449752352.78643984,0,4869,0,0,0,0,0,0,486325655.26229995,711206331.1704344,0,0,0,0,0,0,0,3,-772546895.8333659,1.4624075935020229,0.9247966828808685,0.3119999122286946,0.07520255737084063,0.9247966828808685,1.4624075935020229,1,1,NA,0.30303030303030304
2018,8A,478,452,0,0,478,478,187,0,0,187,105,478,187,3,478,187,441132666.6666667,353406991.723421,195518793.33333334,195518793.33333334,85258827.60096967,85258827.60096967,617373556.3058743,441132666.6666667,0,7619952.591981862,0,0,0,0,0,0,441132666.6666667,441132666.6666667,195518793.33333334,441132666.6666667,20861750.322080877,0.20599426778242677,NA,NA,35677641.86067461,35677641.86067461,0,62075418.718459636,44563644,20861750.322080877,4357542.177919124,4357542.177919124,0,0,103854047.69223772,103854047.69223772,0,2218092,0,0,0,0,0,0,129720311.31959999,180695336.34756413,0,0,0,0,0,0,0,3,-176240889.63920766,1.399519017648223,0.8011353917493172,0.4432199383707698,0.1932725323771904,0.8005997413648357,1.3929610136563257,1,1,NA,0.3912133891213389
2018,8B,494,479,0,494,0,0,0,494,180,180,124,494,180,11,494,180,283387560,177644165.6802151,162961843.33333334,162961843.33333334,104846131.9111281,104846131.9111281,352544118.4039115,283387560,0,690305.403826995,0,0,0,283387560,283387560,162961843.33333334,0,0,0,283387560,11591628.894379366,0.2067587854251012,NA,NA,19024497.542249244,0,19024497.542249244,36090969.26698276,29810520,11591628.894379366,4535981.055620633,4535981.055620633,0,0,55378409.89573333,0,55378409.89573333,201036,0,0,0,0,0,0,86775442.668,105057202.4392601,0,0,0,0,0,0,0,11,-69156558.40391147,1.244035265358548,0.6268594347621155,0.5750493893709849,0.3699743627106571,0.638180667168813,1.2106789571930565,1,NA,1,0.3643724696356275
2018,9,780,780,0,0,0,0,0,0,0,400,347,0,0,2,0,0,0,591995906.0534885,0,414167960,0,185734415.79715657,186086306.96483666,796398890,0,351891.1676800989,3,0,0,0,0,0,0,0,0,0,15397200.385329582,0.09229884615384615,NA,NA,59199590.605348855,0,0,18608630.696483668,79639889,15397200.385329582,3694318.914670418,3866669.8376100557,143789.29425531314,28561.628684324667,172324088.29310998,0,0,102432,0,0,0,0,0,0,231823752.89009997,54167863.094394304,0,0,0,0,0,0,0,2,610312583.0351634,0.23365967645288488,0.7433409482194137,NA,NA,0.7433409482194137,0.2336596764528849,0,NA,NA,NA
2019,0,96298,95475,0,0,0,0,0,0,0,36201,29710,0,0,0,0,0,0,0,0,0,0,0,0,0,0,0,96298,0,0,0,0,0,0,0,0,0,0,0.10862537103574321,NA,NA,0,0,0,0,0,0,0,0,0,0,0,0,0,0,0,0,0,0,0,0,0,0,0,0,0,0,0,0,0,0,0,NA,NA,NA,NA,NA,NA,0,NA,NA,NA
2019,1,63664,63569,0,0,0,0,0,0,0,22235,17753,0,0,1,0,0,0,3484996644.5261955,0,1855361840,0,789438342.0230483,789440914.0395092,4275400110,2572.01646090535,0,4540,0,0,0,0,0,0,0,0,0,97667283.2268926,0.11133019021739131,NA,NA,348499664.45261955,0,0,78944091.40395091,427540011,97667283.2268926,18252210.893107396,18439185.386233825,157802.69939626107,29171.793730166668,1016225021.5438386,0,0,750,0,0,0,0,0,750,1246706672.076,230200970.53392088,0,0,0,0,0,0,1,0,3485959195.9604907,0.18464725960806255,0.8151276032329511,NA,NA,0.8151276032329511,0.18464725960806255,0,NA,NA,NA
2019,2,1580364,1146643,1580364,0,0,0,0,0,0,164973,142032,0,0,1037636,0,0,0,335811839071.3362,0,41896986890,0,15929417428.87087,70809184313.71396,406683698450,54865235401.11069,37602.88065843621,31023,406683698450,406683698450,0,0,0,0,0,0,0,8521448105.773302,0.099071561064413,5172.007140851403,5781.38382783558,33583749420.772346,0,0,7081444743.710726,40671461671,8521448105.773302,284516975.3466977,339962828.5731788,46890337.71329776,8555515.513183378,97930213310.97214,0,0,15998791607.964,10217238551,2528207410,2899422591,49100268,34147408,270664414.964,118597982232.636,20649492872.660313,1035624,322358,144898,1808,17595,36,6747,3,335874514136.286,0.17411365290418604,0.8257322345380972,NA,NA,0.8257325417128687,0.1741133574444415,0,NA,NA,NA
2019,3,25459,18615,25459,0,0,0,0,0,0,6202,5597,0,0,47,0,0,0,28910701553.643143,0,8320426960,0,4205142555.9608636,4230127964.054142,33184597170,15603995.198902605,9381412.894375857,30,33184597170,0,0,0,0,0,0,0,0,678905550.2513965,0.08783199575788522,NA,NA,2891070155.3643146,0,0,423012796.4054142,3318459717,678905550.2513965,82355834.05860347,89728621.02427453,6213208.402891628,1159578.5627794382,8430360573.04234,0,0,7285745,90000,4216115,244010,0,0,0,9676628534.772,1233505314.318188,9,35,3,0,0,0,0,5,28954469205.945858,0.12747263263084962,0.8712084526907983,NA,NA,0.8712084526907984,0.12747263263084962,0,NA,NA,NA
2019,4,426,374,0,28,398,0,0,0,0,119,100,0,0,0,426,119,0,392990707.1070252,0,168722270,0,58243577.63664872,58243577.63664872,451234402,0,0,16,0,0,18891265,0,0,432343137,0,0,451234402,19106523.759312443,0.099817558685446,NA,NA,79226796.90260912,75623613.94924358,3603182.9533655415,11648715.527329745,90875536,19106523.759312443,2317906.700687558,2397183.3015991994,67145.83418346789,12130.76672817348,231025339.7680082,220518458.27599427,10506881.492013918,0,0,0,0,0,0,0,264993062.976,33967654.477693535,0,0,0,0,0,0,0,0,392990824.3633513,0.12907610186301513,0.8709236382801886,NA,NA,0.871816556907121,0.12818318372647336,0,0,0,NA
2019,5A,70729,65902,0,0,70729,0,0,0,0,27364,24156,0,0,97,70729,27364,0,66784817085.82015,0,24335062692,0,11618128331.761763,11635849352.337894,78429543836,10728631.001371743,6992389.574759945,468,0,0,0,0,0,78429543836,0,0,78429543836,3996145941.68229,0.09924031203608139,NA,NA,16696204271.455038,16696204271.455038,0,2908962338.0844736,19607385959,3996145941.68229,648182676.6577101,663336274.947956,12713098.280621625,2440500.009624239,48686131655.56289,48686131655.56289,0,12918624,4690795,2499200,383625,247552,0,0,57175137456.444,8482534177.854324,79,26,9,2,0,0,0,16,66793694483.66211,0.148360538430123,0.8515262721082563,NA,NA,0.8515262721082563,0.148360538430123,0,0,NA,NA
2019,5B,22795,22171,0,22795,0,0,0,0,0,11015,9733,0,0,28,22795,11015,0,10612911085.690277,0,4999967276,0,2427565244.0593796,2431924803.7301617,13041700108,131275.72016460905,4228283.9506172845,18,0,0,13041700108,0,0,0,0,0,13041700108,781887485.9856988,0.10184523535863128,NA,NA,2653227771.4225693,0,2653227771.4225693,607981200.9325404,3260425027,781887485.9856988,144267395.4043012,144338605.15424344,59956.618393938355,11253.131548286163,7736812181.468212,0,7736812181.468212,3178119,85700,8000,2000,0,0,0,9507399378.732,1772873181.9192877,11,1,1,0,0,0,0,17,10609775304.269838,0.18647298922618055,0.8137674534610819,NA,NA,0.8137674534610819,0.18647298922618055,0,NA,0,NA
2019,6,2177,2132,0,2177,0,0,0,2177,741,741,583,2177,741,7,2177,741,6015223680,4802478438.062178,2153405170,2153405170,1212408226.657768,1212408226.657768,8429283997.605629,6015223680,0,13158113.854595335,0,0,0,6015223680,6015223680,2153405170,0,0,0,6015223680,154367471.38978875,0.11517277905374368,NA,NA,480310351.69570994,0,480310351.69570994,842928399.7605629,601584876,154367471.38978875,33532813.070211258,33586786.09547987,45714.16740111675,8258.857867494571,1400584985.5446901,0,1400584985.5446901,3836906,0,0,0,0,0,0,1754221498.416,2457979213.7018013,0,0,0,0,0,0,0,7,-2414060317.605629,1.4013251120872081,0.7983873407783528,0.35799253436906275,0.20155663216463598,0.7984082892664176,1.4011795066479744,1,NA,1,0.3403766651355076
2019,7A,49,49,0,0,49,49,19,0,0,19,16,49,19,3,49,19,758574306.6666666,647533356.6943127,267349856.66666666,267349856.66666666,111004605.14532882,111004605.14532882,1082326638.9339056,758574306.6666666,0,504218.1069958848,0,0,0,0,0,0,758574306.6666666,758574306.6666666,267349856.66666666,758574306.6666666,13770004.722067866,0.10324142857142857,NA,NA,64921205.73140868,64921205.73140868,0,108302529.7973051,76075878,13770004.722067866,2633188.8379321327,2633188.8379321327,0,0,189310235.9127877,189310235.9127877,0,147030,0,0,0,0,0,0,221837260.248,315810176.8889417,0,0,0,0,0,0,0,3,-323752332.267239,1.4267905324791108,0.853618888754233,0.35243726859331365,0.1463331992261986,0.8533743867065021,1.4236119601183586,1,1,NA,0.3877551020408163
2019,7B,218,217,0,0,218,218,71,0,0,71,64,218,71,3,218,71,1784759860,1560269874.0031335,634835660,634835660,224488778.53084973,224488778.53084973,2564910317.9306116,1784759860,0,16728.395061728395,0,0,0,0,0,0,1784759860,1784759860,634835660,1784759860,32768088.739797316,0.09106146788990825,NA,NA,156221076.52124825,156221076.52124825,0,256491031.79306117,178728816,32768088.739797316,4596658.310202683,4596658.310202683,0,0,455540659.1359599,455540659.1359599,0,4878,0,0,0,0,0,0,521173227.456,747927848.7085663,0,0,0,0,0,0,0,3,-780150457.9306116,1.4371178865097356,0.874218380282899,0.35569808254204016,0.12578094317453425,0.8740676518622954,1.4350849378035446,1,1,NA,0.3256880733944954
2019,8A,493,464,0,0,493,493,192,0,0,192,111,493,192,3,493,192,379496210,300298561.7218088,175610410,175610410,76677463.97205216,76677463.97205216,417715847.6026884,379496210,0,7619951.989026063,0,0,0,0,0,0,379496210,379496210,175610410,379496210,22879635.351842068,0.20735440162271804,NA,NA,39392209.047469124,39392209.047469124,0,46625635.10624749,49825436,22879635.351842068,4701291.73815793,4701291.73815793,0,0,114867681.58241996,114867681.58241996,0,2221978,0,0,0,0,0,0,145290971.376,135960351.96981767,0,0,0,0,0,0,0,3,-38219637.60268837,1.100711513305201,0.7913084605556635,0.46274614969145544,0.2020506712624407,0.790604402286999,0.9357797713249814,1,1,NA,0.3894523326572008
2019,8B,507,492,0,507,0,0,0,507,185,185,135,507,185,11,507,185,333543130,201997965.5838815,204892140,204892140,125706192.54294534,125706192.54294534,429393768.490784,333543130,0,690627.5720164608,0,0,0,333543130,333543130,204892140,0,0,0,333543130,11984350.184066312,0.21191942800788954,NA,NA,20199796.558388148,0,20199796.558388148,42939376.8490784,33354313,11984350.184066312,4968293.535933686,4968293.535933686,0,0,58902606.764259845,0,58902606.764259845,201387,0,0,0,0,0,0,97261176.70799999,125211222.89191262,0,0,0,0,0,0,0,11,-95850638.49078399,1.287371047009075,0.605612730155412,0.6142897921477202,0.37688137226194807,0.605612730155412,1.2873710470090751,1,NA,1,0.36489151873767256
2019,9,923,923,0,0,0,0,0,0,0,491,438,0,0,8,0,0,0,732623031.0880013,0,432151700,0,208316900.5142038,209271783.91612422,966654700,0,954883.401920439,5,0,0,0,0,0,0,0,0,0,18243825.14414325,0.08870426868905743,NA,NA,73262303.10880013,0,0,20927178.391612425,96665470,18243825.14414325,4144132.8158567515,4357129.547904571,177838.09866967407,35158.63337814461,213632875.86526117,0,0,278444,0,0,0,0,0,0,281876510.52,61023652.18994183,0,0,0,0,0,0,0,8,757382916.0838758,0.21649073233298738,0.7578952764498028,NA,NA,0.7578952764498029,0.2164907323329874,0,NA,NA,NA
2020,0,95684,94852,0,0,0,0,0,0,0,35244,30265,0,0,0,0,0,0,0,0,0,0,0,0,0,0,0,95684,0,0,0,0,0,0,0,0,0,0,0.10160737667739644,NA,NA,0,0,0,0,0,0,0,0,0,0,0,0,0,0,0,0,0,0,0,0,0,0,0,0,0,0,0,0,0,0,0,NA,NA,NA,NA,NA,NA,0,NA,NA,NA
2020,1,64682,64584,0,0,0,0,0,0,0,23148,18930,0,0,2,0,0,0,3527033921.279282,0,1930601730,0,901908585.1015371,901941913.2643466,4429961130,33328.162809455855,0,4501,0,0,0,0,0,0,0,0,0,106770727.45222324,0.10642766519278934,NA,NA,352703392.12792826,0,0,90194191.32643466,442996113,106770727.45222324,23552894.857776765,23801153.963064156,209767.97073310908,38491.134554283984,1136904114.185164,0,0,10743,9918,0,0,0,0,825,1427953670.6442,290731956.32162946,1,0,0,0,0,0,1,0,3528019216.7356534,0.20360041246329097,0.796177171260932,NA,NA,0.7961771712609321,0.20360041246329097,0,NA,NA,NA
2020,2,1580441,1146800,1580441,0,0,0,0,0,0,163439,142764,0,0,1026570,0,0,0,311830752607.5622,0,38155859030,0,15109607509.926256,64585051946.02394,376524366730,49459698863.291794,115278.89805795124,30492,376524366730,376524366730,0,0,0,0,0,0,0,8620557810.08952,0.09445302892673631,5262.960721810674,5849.177864685312,31185119777.292423,0,0,6459047646.450319,37655023642,8620557810.08952,299034028.4104803,359309312.00178057,51089155.39463387,9186128.196666349,100522115090.12439,0,0,15943014592.5936,10138252066,2487362193,2903216709,26731392,40603848,346811225.5936,121377203207.62279,20820094183.568027,1025602,316525,143118,722,20888,54,8400,5,311939314783.9761,0.17152954138645937,0.8281821315197149,NA,NA,0.8281795298757663,0.17153216282265107,0,NA,NA,NA
2020,3,25392,18831,25392,0,0,0,0,0,0,6223,5669,0,0,54,0,0,0,30169613247.339672,0,8760472790,0,4600340310.227707,4627203491.96128,34876083060,16667444.31345784,10195737.420115406,33,34876083060,0,0,0,0,0,0,0,0,780366045.5453573,0.08427055686830497,NA,NA,3016961324.7339673,0,0,462720349.1961281,3487608306,780366045.5453573,99657473.07464264,108940494.78436081,7838245.373529489,1444776.3361886747,9724873134.14747,0,0,8659078,70000,5298584,4000,0,0,0,11241956613.5604,1491532773.598799,7,37,2,0,0,0,0,11,30248879568.03872,0.13267554971700082,0.8650516514551412,NA,NA,0.8650516514551412,0.13267554971700085,0,NA,NA,NA
2020,4,437,385,0,27,410,0,0,0,0,129,114,0,0,0,437,129,0,371961993.30048335,0,177725250,0,72442914.85958342,72442914.85958342,444405040,0,0,21,0,0,17731860,0,0,426673180,0,0,444405040,19853786.98840687,0.09562629290617848,NA,NA,74392398.66009668,70994648.45559299,3397750.204503688,14488582.971916687,88881008,19853786.98840687,3385571.3515931284,3478931.31861683,79248.67412088528,14111.29290281627,239796457.84095562,228844149.8317584,10952308.009197189,0,0,0,0,0,0,0,286499041.1872,46702498.35167624,0,0,0,0,0,0,0,0,371962125.14041656,0.1630110109902971,0.8369886923435507,NA,NA,0.8369886923435508,0.16301101099029713,0,0,0,NA
2020,5A,70383,65555,0,0,70383,0,0,0,0,27395,25124,0,0,86,70383,27395,0,62331671516.96376,0,23537785024,0,11809273039.684362,11828237803.598242,74171397848,8909641.992926724,10055121.920953032,461,0,0,0,0,0,74171397848,0,0,74171397848,4082849958.404428,0.09412365557023712,NA,NA,15582917879.24094,15582917879.24094,0,2957059450.8995605,18542849462,4082849958.404428,723968530.3755721,740458984.3704227,13867628.573530857,2622825.4213198493,50229977491.945244,50229977491.945244,0,15282755,4082069,2932000,84968,80798,0,0,59771020955.8108,9531785434.029642,65,15,4,1,0,0,0,19,62343160044.40176,0.1594716851344495,0.8403734232527277,NA,NA,0.8403734232527277,0.1594716851344495,0,0,NA,NA
2020,5B,22559,21959,0,22559,0,0,0,0,0,10635,9708,0,0,38,22559,10635,0,10802853440.374538,0,4972934352,0,2596947730.360596,2607577109.277268,13402817240,114909.72265309922,10514469.194018738,17,0,0,13402817240,0,0,0,0,0,13402817240,850760666.0103444,0.0960196050356842,NA,NA,2700713360.0936346,0,2700713360.0936346,651894277.319317,3350704310,850760666.0103444,170213974.96965557,170291001.14480713,64922.36507808929,12103.810073487435,8705479444.925821,0,8705479444.925821,8565685,90600,0,0,0,2000,0,10800660272.854,2101316013.5110865,11,0,0,0,1,0,0,27,10795240130.722733,0.19455440319629905,0.806013634815074,NA,NA,0.806013634815074,0.19455440319629905,0,NA,0,NA
2020,6,2212,2161,0,2212,0,0,0,2212,712,712,606,2212,712,8,2212,712,6380766505,5203535720.217268,2028168160,2028168160,1176833531.3519328,1176833531.3519328,8999246140.850166,6380766505,0,18418198.175839175,0,0,0,6380766505,6380766505,2028168160,0,0,0,6380766505,176778866.962402,0.1074412206148282,NA,NA,520458305.5420073,0,520458305.5420073,899950797.4650868,638181384,176778866.962402,36178231.50759802,36244078.04886581,55893.88318435888,9952.658083429325,1677645302.0841062,0,1677645302.0841062,5936922,0,0,0,0,0,0,2057113873.1855998,2900901400.5489607,0,0,0,0,0,0,0,8,-2618479635.8501663,1.4103707029239063,0.8155032339985724,0.31785650805600196,0.1844345080531877,0.815533512243609,1.4101802716719276,1,NA,1,0.321880650994575
2020,7A,58,58,0,0,58,58,33,0,0,33,33,58,33,0,58,33,580626860,470120772.7612649,224051810,224051810,110506073.60385472,110506073.60385472,814972821.6097801,580626860,0,0,0,0,0,0,0,0,580626860,580626860,224051810,580626860,11219772.452147154,0.0894498275862069,NA,NA,47253235.264387466,47253235.264387466,0,81612503.51772483,58404777,11219772.452147154,2882332.487852846,2882332.487852846,0,0,152316078.55122656,152316078.55122656,0,0,0,0,0,0,0,0,188261958.18179998,263069743.83903417,0,0,0,0,0,0,0,0,-234345961.60978007,1.403608544065254,0.8096779621274581,0.38587916859375054,0.19032201438950777,0.8090645610099233,1.3973600741207322,1,1,NA,0.5689655172413793
2020,7B,230,230,0,0,230,230,63,0,0,63,58,230,63,6,230,63,1686468240,1499668550.9359179,415508840,415508840,186825456.69134185,186825456.69134185,2436763742.54797,1686468240,0,435459.4527517528,0,0,0,0,0,0,1686468240,1686468240,415508840,1686468240,35337652.17157097,0.08778295652173913,NA,NA,149966855.09359178,149966855.09359178,0,243676374.254797,168646824,35337652.17157097,4250507.388429031,4250507.388429031,0,0,483403160.7086837,483403160.7086837,0,140366,0,0,0,0,0,0,543616172.4815999,785466424.7729126,0,0,0,0,0,0,0,6,-750295502.5479698,1.4448915697030678,0.8892361654767468,0.24637809959587498,0.110779113570109,0.8892361654767467,1.4448915697030678,1,1,NA,0.27391304347826084
2020,8A,511,482,0,0,511,511,190,0,0,190,160,511,190,1,511,190,515014430,419701627.67637855,212993870,212993870,90289581.99012785,90289581.99012785,720049804.1090264,515014430,0,207780.60433083083,0,0,0,0,0,0,515014430,515014430,212993870,515014430,24123410.54528885,0.18512996086105676,NA,NA,42016077.46720526,42016077.46720526,0,72004980.41090265,51610181,24123410.54528885,4376628.354711151,4376628.354711151,0,0,135434624.10778943,135434624.10778943,0,66976,0,0,0,0,0,0,166360257.43539998,232100853.85650358,0,0,0,0,0,0,0,1,-205035374.10902643,1.3981157850451422,0.8149317829334968,0.4135687421418464,0.17531466446508664,0.8141044393393091,1.395170081091222,1,1,NA,0.37181996086105673
2020,8B,494,479,0,494,0,0,0,494,161,161,141,494,161,11,494,161,365246070,235463742.95369044,180221250,180221250,121633665.83224186,121633665.83224186,475940702.98412764,365246070,0,1111422.7213501271,0,0,0,365246070,365246070,180221250,0,0,0,365246070,14471799.845216658,0.19217267206477734,NA,NA,23546374.295369044,0,23546374.295369044,47594070.29841276,36524607,14471799.845216658,5630130.764783341,5630130.764783341,0,0,75899382.90369257,0,75899382.90369257,358256,0,0,0,0,0,0,117733418.2038,153414726.1999037,0,0,0,0,0,0,0,11,-110694632.98412764,1.303068648990878,0.644671530493649,0.4934242002932434,0.3330184109366101,0.644671530493649,1.3030686489908778,1,NA,1,0.3259109311740891
2020,9,952,952,0,0,0,0,0,0,0,507,454,0,0,2,0,0,0,835637122.1313123,0,467971900,0,230680913.24344826,231218463.65605605,1101543410,0,537550.4126078055,7,0,0,0,0,0,0,0,0,0,22628123.961459946,0.08543383403361345,NA,NA,83563712.21313123,0,0,23121846.365605608,110154341,22628123.961459946,5182550.238540053,5437385.798613197,213284.9500930782,41550.60998006552,269359269.9478072,0,0,173274,0,0,0,0,0,0,355071502.7794,74530959.5748931,0,0,0,0,0,0,0,2,870324946.343944,0.20990408689935883,0.7586057113548637,NA,NA,0.7586057113548638,0.20990408689935885,0,NA,NA,NA
2021,0,96779,95946,0,0,0,0,0,0,0,36050,29821,0,0,0,0,0,0,0,0,0,0,0,0,0,0,0,96779,0,0,0,0,0,0,0,0,0,0,0.10754891608716767,NA,NA,0,0,0,0,0,0,0,0,0,0,0,0,0,0,0,0,0,0,0,0,0,0,0,0,0,0,0,0,0,0,0,NA,NA,NA,NA,NA,NA,0,NA,NA,NA
2021,1,63937,63845,0,0,0,0,0,0,0,22941,18151,0,0,1,0,0,0,3544168602.5056024,0,1843011040,0,811597121.0640868,811599868.5913123,4358002460,2747.5272254970523,0,4632,0,0,0,0,0,0,0,0,0,105905372.13683566,0.11226278242645105,NA,NA,354420381.59428805,0,0,81165453.4455414,435809234,105905372.13683566,20674913.563164346,20981246.68455807,258407.07404080927,47926.04735291456,1064218079.8131688,0,0,825,0,0,0,0,0,825,1308604386.9318,243715507.06092712,0,0,0,0,0,0,1,0,3546402591.4086876,0.186232081335565,0.8132553010320243,NA,NA,0.8132466087083599,0.1862407840709988,0,NA,NA,NA
2021,2,1585852,1147144,1585852,0,0,0,0,0,0,160678,139093,0,0,1029832,0,0,0,337175847709.8372,0,42781852900,0,18247024676.155003,73196027734.38562,410547209260,54934117722.09342,86881.80637426316,40940,410547209260,410547209260,0,0,0,0,0,0,0,8938581778.256723,0.10001843663847569,5520.2378323261755,5996.133379667752,33720353389.81933,0,0,7320433973.363325,41058320745,8938581778.256723,305790891.9232781,388826967.8433706,70218831.43475011,12817244.485342387,101252105123.61047,0,0,16495312436.412899,10158098749,2622808463,3229347144,36201470,45858209,402972313.4129,123285819701.01155,21981067091.817944,1028878,335442,155941,713,23631,14,9668,2,337351181525.6144,0.17828894237600454,0.8212839841673443,NA,NA,0.8212794088498061,0.17829355513169137,0,NA,NA,NA
2021,3,20841,18891,20841,0,0,0,0,0,0,5569,5013,0,0,21,0,0,0,35979240289.70988,0,10108420990,0,5367465967.866759,5375961914.84781,41422095310,7486595.397475605,1009351.5835747827,33,41422095310,0,0,0,0,0,0,0,0,866779055.7072135,0.09066249508180989,NA,NA,3597924028.9709883,0,0,537596191.484781,4142209531,866779055.7072135,102427079.97278646,115773550.2114198,11244374.394172618,2102095.8444607314,10803486481.791185,0,0,2551078,70000,2176000,2000,0,0,0,12437812558.7337,1614240084.1713517,7,15,1,0,0,0,0,1,36046133395.15219,0.12978488593139711,0.8686002004592914,NA,NA,0.8686002004592916,0.12978488593139714,0,NA,NA,NA
2021,4,446,409,0,32,414,0,0,0,0,124,111,0,0,0,446,124,0,446406100.8817428,0,195351425,0,86180740.28480577,86180740.28480577,532586910,0,0,6,0,0,30233375,0,0,502353535,0,0,532586910,21973845.9572307,0.10228107623318386,NA,NA,89281220.17634855,84310288.06264529,4970932.113703269,17236148.056961156,106517382,21973845.9572307,3482562.1827693023,3592511.6824788335,93111.57969622487,16837.920013306513,268084719.82352182,253158501.965705,14926217.857816802,0,0,0,0,0,0,0,319839742.9314,51754981.77063726,0,0,0,0,0,0,0,0,446406169.7151942,0.16181535570374003,0.8381845150526565,NA,NA,0.8381845150526565,0.16181535570374003,0,0,0,NA
2021,5A,69869,65178,0,0,69869,0,0,0,0,27067,24688,0,0,83,69869,27067,0,67115284719.105125,0,25394220936,0,13059850872.748146,13075626562.627254,80205629680,7790019.648982583,7985670.23012622,502,0,0,0,0,0,80205629680,0,0,80205629680,4165866375.549247,0.09889031988435501,NA,NA,16778821179.776281,16778821179.776281,0,3268906640.6568136,20051407420,4165866375.549247,727043450.5307533,746404939.0628082,16244038.304034833,3117450.2280200315,50381766356.51424,50381766356.51424,0,11842416,3584595,2013200,247978,0,2000,0,60208361060.034,9815545969.900215,70,23,8,0,1,0,0,11,67130003117.37274,0.16302629397457097,0.8367901977314808,NA,NA,0.8367901977314808,0.16302629397457097,0,0,NA,NA
2021,5B,22233,21626,0,22233,0,0,0,0,0,10519,9717,0,0,25,22233,10519,0,11248335197.267618,0,6365768352,0,3653885240.264982,3658008647.864809,14904980524,112698.57128584274,4010709.02854098,19,0,0,14904980524,0,0,0,0,0,14904980524,876203800.3205584,0.10162621418611974,NA,NA,2812083799.3169045,0,2812083799.3169045,914502161.9662023,3726245131,876203800.3205584,220817426.0694416,220927197.64690974,92380.35313804836,17391.22433011002,8443844024.208868,0,8443844024.208868,3095339,70600,10000,2000,0,2000,0,11188796254.8537,2745975641.735915,9,2,1,0,1,0,0,15,11246971876.135191,0.24542190055026797,0.7546695669380814,NA,NA,0.7546695669380814,0.24542190055026797,0,NA,0,NA
2021,6,2284,2236,0,2284,0,0,0,2284,707,707,603,2284,707,0,2284,707,7052047695,5703021418.017325,2305071670,2305071670,1349017317.2970111,1349017317.2970111,9902397662.334877,7052047695,0,0,0,0,0,7052047695,7052047695,2305071670,0,0,0,7052047695,194587210.90235296,0.11673394045534151,NA,NA,570394284.3607823,0,570394284.3607823,990262801.8732501,705296912,194587210.90235296,38377390.23764706,38430440.71756809,44926.20705087945,8124.272870161878,1712722917.650121,0,1712722917.650121,0,0,0,0,0,0,0,2117795037.6624,2973462115.1848083,0,0,0,0,0,0,0,0,-2850349967.334877,1.404187562338215,0.8087043174794247,0.3268655814160656,0.1912944120121994,0.8087293091122768,1.4040367751861789,1,NA,1,0.3095446584938704
2021,7A,51,51,0,0,51,51,26,0,0,26,25,51,26,0,51,26,330871270,204502701.68058407,254849110,254849110,126368573.27714702,126368573.27714702,427239379.76678073,330871270,0,0,0,0,0,0,0,0,330871270,330871270,254849110,330871270,4972970.984809303,0.10493117647058824,NA,NA,20987270.00422983,20987270.00422983,0,43097944.107999064,33762803,4972970.984809303,3064721.2951906975,3064721.2951906975,0,0,63018475.64170091,63018475.64170091,0,0,0,0,0,0,0,0,101379568.56809999,129410196.7730888,0,0,0,0,0,0,0,0,-96368109.76678073,1.2912555984893483,0.6180733119578018,0.770236442710786,0.3819267030260652,0.6216092308517699,1.2764918868850748,1,1,NA,0.5098039215686274
2021,7B,253,253,0,0,253,253,81,0,0,81,79,253,81,6,253,81,2589747270,1616589972.2126138,1326940140,1326940140,973133430.8034135,973133430.8034135,3372568372.868541,2589747270,0,290305.391814034,0,0,0,0,0,0,2589747270,2589747270,1326940140,2589747270,36149241.66975559,0.08760241106719367,NA,NA,163203416.51999784,163203416.51999784,0,338421997.089489,260641370,36149241.66975559,19477044.11024441,20030111.196569156,462797.2739957491,90269.8123289974,490050898.78459746,490050898.78459746,0,130755,0,0,0,0,0,0,782627841.699,1016179730.6606086,0,0,0,0,0,0,0,6,-782821102.8685408,1.3022770260005103,0.6242269239703123,0.5123820981960143,0.3757638600786761,0.6261608298022598,1.298420113006193,1,1,NA,0.3201581027667984
2021,8A,531,503,0,0,531,531,209,0,0,209,140,531,209,0,531,209,500214000,426083504.50981826,203965750,203965750,70639234.19536376,70639234.19536376,709764490.9600911,500214000,0,0,0,0,0,0,0,0,500214000,500214000,203965750,500214000,25327201.18804739,0.20620261770244822,NA,NA,42614580.91138635,42614580.91138635,0,70976449.09600912,50028025,25327201.18804739,3360629.53195261,3360629.53195261,0,0,127958802.10261978,127958802.10261978,0,0,0,0,0,0,0,0,150219150.6675,213120983.70058656,0,0,0,0,0,0,0,0,-209550490.9600911,1.41892168343967,0.8518024375763539,0.4077569800125546,0.14121802707513936,0.851814176381865,1.4187337816355756,1,1,NA,0.3935969868173258
2021,8B,533,518,0,533,0,0,0,533,191,191,148,533,191,0,533,191,388683790,240770401.4865949,203185610,203185610,135505514.43117166,135505514.43117166,496661116.66106397,388683790,0,0,0,0,0,388683790,388683790,203185610,0,0,0,388683790,15304493.249301406,0.21398891181988744,NA,NA,24077040.14865949,0,24077040.14865949,49666111.6661064,38868379,15304493.249301406,6776965.590698595,6776965.590698595,0,0,72296128.45437986,0,72296128.45437986,0,0,0,0,0,0,0,116710081.6233,149132433.49981767,0,0,0,0,0,0,0,0,-107977326.66106397,1.2778024950849223,0.6194505860061591,0.5227529812858931,0.3486266160756837,0.6194505860061591,1.2778024950849225,1,NA,1,0.35834896810506567
2021,9,985,985,0,0,0,0,0,0,0,523,453,0,0,0,0,0,0,944443958.8116499,0,500124990,0,257763070.80108103,257763070.80108103,1246518170,0,0,6,0,0,0,0,0,0,0,0,0,23877482.66002711,0.0875224771573604,NA,NA,94444395.881165,0,0,25776307.080108102,124651817,23877482.66002711,5254826.619972892,5455983.395850278,168153.17392621352,33003.601951172466,283588187.51237416,0,0,0,0,0,0,0,0,0,374292010.9059,77398517.2694406,0,0,0,0,0,0,0,0,988755099.1989189,0.20678645286099684,0.7576656173504875,NA,NA,0.7576656173504875,0.2067864528609968,0,NA,NA,NA
2022,0,97558,96670,0,0,0,0,0,0,0,37996,31370,0,0,0,0,0,0,0,0,0,0,0,0,0,0,0,97558,0,0,0,0,0,0,0,0,0,0,0.11116772012546383,NA,NA,0,0,0,0,0,0,0,0,0,0,0,0,0,0,0,0,0,0,0,0,0,0,0,0,0,0,0,0,0,0,0,NA,NA,NA,NA,NA,NA,0,NA,NA,NA
2022,1,63273,63176,0,0,0,0,0,0,0,22492,17811,0,0,1,0,0,0,3493131400.663115,0,1836883850,0,738101496.3942136,738104318.1611527,4233142920,2821.7669391524432,0,4827,0,0,0,0,0,0,0,0,0,103790695.12538433,0.1150608163039527,NA,NA,349313140.0663115,0,0,73810431.81611528,423314292,103790695.12538433,18387129.00461567,18688184.753955442,255806.85075674608,45248.898583027934,1021286827.611875,0,0,825,0,0,0,0,0,825,1237643995.5204,215799559.50077623,0,0,0,0,0,0,1,0,3495038601.838847,0.17436319352079724,0.8251862662513447,NA,NA,0.8251862662513447,0.17436319352079724,0,NA,NA,NA
2022,2,1586938,1147151,1586938,0,0,0,0,0,0,192502,165227,0,0,1011743,0,0,0,370757342545.3073,0,50617698590,0,17876135185.77198,71114463425.74046,442031368900,53224183982.464066,43438.109245134576,32919,442031368900,442031368900,0,0,0,0,0,0,0,9533281204.390627,0.10087019095894112,5784.416728813707,6436.804648057857,37078423208.21581,0,0,7112139107.12992,44206518608,9533281204.390627,306278420.9793735,388531389.32273144,69932878.36917418,12320089.974183692,108406185933.86052,0,0,15561252230.953,9968060106,2682557561,2449573989,35405929,50243492,375398453.953,129246598454.20952,20793761107.51569,1010547,341875,109889,840,25921,23,7664,2,370916905474.2595,0.1608810334042799,0.83875799011265,NA,NA,0.8387546537425314,0.16088439739389124,0,NA,NA,NA
2022,3,19982,19070,19982,0,0,0,0,0,0,5767,5190,0,0,26,0,0,0,39140600382.97553,0,13832111070,0,5902665150.792433,5915862866.016294,45117652850,13197715.223860176,0,33,45117652850,0,0,0,0,0,0,0,0,933953349.408523,0.09305651936743069,NA,NA,3914060038.297554,0,0,591586286.6016294,4511765285,933953349.408523,115456103.30147702,129793937.28586838,12145865.79861688,2191968.185774483,11443537333.970558,0,0,3858616,70000,2596489,1192127,0,0,0,13191048163.754501,1729620826.137184,7,21,2,0,0,0,0,0,39201789983.9837,0.13112080288583305,0.8675229740586013,NA,NA,0.8675229740586016,0.13112080288583305,0,NA,NA,NA
2022,4,443,406,0,28,414,0,0,0,0,138,102,0,0,0,442,137,0,436961606.3010308,0,273428190,0,81261837.61543778,81261837.61543778,518223535,0,0,6,0,0,18705415,0,0,499250745,0,0,517956160,21060045.844410706,0.10475544018058691,NA,NA,87392321.26020616,83718825.4886879,3636543.883173121,16252367.523087556,103644707,21060045.844410706,3393548.1555892923,3501480.416250527,91896.2750542215,16035.985607012943,255508929.66846478,244768730.08127686,10632163.351233255,0,0,0,0,0,0,0,303026029.8559,47517046.92725109,0,0,0,0,0,0,0,0,436961697.38456225,0.15680846609067606,0.8431913581482378,NA,NA,0.8431913581482378,0.15680846609067606,0,0,0,NA
2022,5A,69452,64822,0,0,69452,0,0,0,0,28389,25085,0,0,74,69452,28389,0,70158896055.90915,0,32650103128,0,14380024496.492743,14391069034.578047,84567580904,6679429.490029757,4365108.595273113,501,0,0,0,0,0,84567580904,0,0,84567580904,4265780431.7233114,0.10119236235097621,NA,NA,17539724013.977287,17539724013.977287,0,3597767258.6445117,21141895226,4265780431.7233114,800787983.8266884,821118392.7157146,17158276.231729716,3172132.657296346,51280891099.665405,51280891099.665405,0,8072729,2892365,1845200,142597,0,2000,0,61812559072.2562,10518792134.098959,60,19,4,0,1,0,0,13,70176511869.42195,0.1701724098140468,0.8296192856167022,NA,NA,0.8296192856167022,0.1701724098140468,0,0,NA,NA
2022,5B,21998,21383,0,21998,0,0,0,0,0,10490,9742,0,0,26,21998,10490,0,11903756117.727581,0,6569278508,0,3713563159.824716,3715724090.152725,15619869760,110271.2316585149,2050659.0963505146,20,0,0,15619869760,0,0,0,0,0,15619869760,871298770.6872908,0.1022200913719429,NA,NA,2975939029.4318953,0,2975939029.4318953,928931022.5381813,3904967440,871298770.6872908,219592997.8227092,219713250.8104648,101808.63509724502,18444.35265835477,8700752940.350033,0,8700752940.350033,1579478,70600,8000,0,0,2000,0,11416953304.328001,2715915630.5948806,9,1,0,0,1,0,0,17,11904145669.847275,0.23788444764553052,0.7620906128302815,NA,NA,0.7620906128302815,0.23788444764553052,0,NA,0,NA
2022,6,2325,2276,0,2325,0,0,0,2325,755,755,649,2325,755,0,2325,755,8135503590,6507974890.348089,2732814940,2732814940,1627519898.11852,1627519898.11852,11389461908.345537,8135503590,0,0,0,0,0,8135503590,8135503590,2732814940,0,0,0,8135503590,204285992.44304374,0.11581598279569892,NA,NA,650799115.0584184,0,650799115.0584184,1138946597.340456,813551985,204285992.44304374,45825840.516956255,45875327.89935161,42134.817490676694,7352.564904681301,1902741372.696298,0,1902741372.696298,0,0,0,0,0,0,0,2378581938.5445004,3329938166.644292,0,0,0,0,0,0,0,0,-3253958318.345537,1.3999701164590768,0.7999473933423819,0.33591220380741055,0.20005152479055327,0.7999477932051489,1.39996781808658,1,NA,1,0.3247311827956989
2022,7A,70,70,0,0,70,70,40,0,0,40,39,70,40,3,70,40,496820665,302636438.2370573,382411895,382411895,194184230.51467967,194184230.51467967,641875997.242811,496820665,0,213041.69374422816,0,0,0,0,0,0,496820665,496820665,382411895,496820665,7394114.5972598465,0.10243585714285715,NA,NA,30781718.40940165,30781718.40940165,0,64599784.269638024,50482807,7394114.5972598465,4516268.682740153,4516268.682740153,0,0,89996510.1135676,89996510.1135676,0,62287,0,0,0,0,0,0,147596582.82590002,188870389.2691407,0,0,0,0,0,0,0,3,-145055332.24281096,1.2919671874816459,0.6091462363729523,0.76971817386058206,0.3908537711785392,0.6097465699441327,1.2796393090748306,1,1,NA,0.5714285714285714
2022,7B,256,254,0,0,256,256,95,0,0,95,88,256,95,3,256,95,2708511030,1598852163.5147996,1483688160,1483688160,1109658905.333756,1109658905.333756,3503968275.6959147,2708511030,0,4709.785545712624,0,0,0,0,0,0,2708511030,2708511030,1483688160,2708511030,35317995.11264808,0.0887334375,NA,NA,160167125.46663946,160167125.46663946,0,350512276.9239906,271133012,35317995.11264808,22766350.547351923,23329629.426399954,474219.4655294295,89059.41351860044,468280624.7268138,468280624.7268138,0,1377,0,0,0,0,0,0,792711587.1844001,1024792744.0426714,0,0,0,0,0,0,0,3,-795457245.6959147,1.2936880215311195,0.5903066835636256,0.547787379695478,0.4096933307795154,0.5907326602731778,1.2927687201881215,1,1,NA,0.37109375
2022,8A,557,524,0,0,557,557,223,0,0,223,144,557,223,0,557,223,476098098.3333333,400577277.4325591,191388001.66666666,191388001.66666666,73765493.21176314,73765493.21176314,625044435.4249068,476098098.3333333,0,0,0,0,0,0,0,0,476098098.3333333,476098098.3333333,191388001.66666666,476098098.3333333,25899183.965541393,0.21681305206463194,NA,NA,43204464.679356076,43204464.679356076,0,64715141.27673909,51236477,25899183.965541393,3789566.164458609,3789566.164458609,0,0,126316893.38303335,126316893.38303335,0,0,0,0,0,0,0,0,149800087.80490002,189207658.55080208,0,0,0,0,0,0,0,0,-148946337.09157354,1.3128479983704764,0.8413755039872068,0.4019927874878195,0.15493759263057857,0.8432364442105588,1.2630677413035072,1,1,NA,0.400359066427289
2022,8B,1175,1161,0,1175,0,0,0,1175,811,811,755,1175,811,0,1175,811,947741890,529697270.4098165,510220820,510220820,411946563.1056629,411946563.1056629,1206492468.7203875,947741890,0,0,0,0,0,947741890,947741890,510220820,0,0,0,947741890,32736094.239583656,0.2554056425531915,NA,NA,52969727.04098165,0,52969727.04098165,120649246.87203877,94774189,32736094.239583656,30018155.850416344,30018155.850416344,0,0,154867590.94971806,0,154867590.94971806,0,0,0,0,0,0,0,277091296.3793,352742203.07977974,0,0,0,0,0,0,0,0,-258750578.72038746,1.2730179824808499,0.5589045667379084,0.538354192616726,0.4346611323739873,0.5589045667379084,1.27301798248085,1,NA,1,0.6902127659574468
2022,9,989,989,0,0,0,0,0,0,0,524,459,0,0,0,0,0,0,790182081.6651766,0,434460580,0,190124118.22624883,190124118.22624883,1010384050,0,0,5,0,0,0,0,0,0,0,0,0,20021290.57406894,0.09105209302325581,NA,NA,79018208.16651766,0,0,19012411.822624885,101038405,20021290.57406894,3883755.145931057,4076104.191232558,161949.1085964556,30399.936705045053,231025535.2164477,0,0,0,0,0,0,0,0,0,295405984.69850004,55586588.44580837,0,0,0,0,0,0,0,0,820259931.7737511,0.18817014998034542,0.7820611198931502,NA,NA,0.7820611198931501,0.18817014998034545,0,NA,NA,NA
2023,0,97617,96721,0,0,0,0,0,0,0,38198,32073,0,0,0,0,0,0,0,0,0,0,0,0,0,0,0,97617,0,0,0,0,0,0,0,0,0,0,0.09704033518751856,NA,NA,0,0,0,0,3,0,0,0,0,0,0,0,0,0,0,0,0,0,0,0,9.0489,0,0,0,0,0,0,0,0,0,0,NA,NA,NA,NA,0,0,0,NA,NA,NA
2023,1,63183,63084,0,0,0,0,0,0,0,22595,17670,0,0,1,0,0,0,3450077610.9204884,0,1832569570,0,802822890.9916328,802826123.4287246,4254802430,3232.437091801213,0,4862,0,0,0,0,0,0,0,0,0,94161224.08017114,0.10082713862906162,NA,NA,345007761.0920488,0,0,80282612.34287246,425480243,94161224.08017114,19562710.539828856,19866955.053266615,260597.6124577502,43646.900980008446,1040646909.781947,0,0,975,0,0,0,0,0,975,1283376056.9609,242156443.6098062,0,0,0,0,0,0,1,0,3451976306.571275,0.18868705107624106,0.8108667012584385,NA,NA,0.8108667012584385,0.18868705107624106,0,NA,NA,NA
2023,2,1586893,1147774,1586893,0,0,0,0,0,0,191955,166045,0,0,1001421,0,0,0,394283993640.11884,0,50895258060,0,18976964380.547054,72301188457.48404,466770259540,53309887761.813065,422859.1320491993,27053,466770259540,466770259540,0,0,0,0,0,0,0,10116808888.431541,0.09047332955656118,6055.367083686325,6891.962369043588,39430729181.598526,0,0,7230786008.281671,46680022934,10116808888.431541,330194836.358455,424115917.06421506,80480722.41008247,13440358.295677619,118934908430.45561,0,0,16080028992.5956,9886109432,2712558107,2884583742,26134784,54304845,516210535.59560007,140800953175.82413,21810219836.779915,1000524,348710,99055,582,27931,12,8733,7,394469071082.516,0.1548967334138566,0.844706760085109,NA,NA,0.8447024380718254,0.15490108088646704,0,NA,NA,NA
2023,3,19035,19028,19035,0,0,0,0,0,0,5742,5256,0,0,15,0,0,0,40109870463.81784,0,14779683440,0,6892348471.6065,6897905985.779492,47083521900,5085701.024433908,471813.14855949336,27,47083521900,0,0,0,0,0,0,0,0,956944010.2265388,0.083152231678487,NA,NA,4010987046.381784,0,0,689790598.5779493,4708352190,956944010.2265388,143174994.18346125,160252983.94979277,14582371.391459532,2495618.3748719986,12098340228.001377,0,0,1676313,50000,1484000,0,0,0,0,14201802710.697,2080615382.4906688,5,9,0,0,0,0,0,3,40185615914.220505,0.14650361118757968,0.8518876423264726,NA,NA,0.8518876423264726,0.14650361118757968,0,NA,NA,NA
2023,4,433,396,0,27,406,0,0,0,0,134,110,0,0,0,433,134,0,472320398.06742716,0,272402135,0,78285882.98926182,78285882.98926182,550606365,0,0,7,0,0,16293465,0,0,534312900,0,0,550606365,22412344.003325537,0.09287769053117782,NA,NA,94464079.61348543,91311338.51091261,3152741.1025728215,15657176.597852366,110121273,22412344.003325537,3329362.956674465,3440085.2145753303,95010.42658384077,15711.831317024802,284932003.3381561,275422390.3504657,9509612.987690402,0,0,0,0,0,0,0,332158795.74990004,47226741.772102095,0,0,0,0,0,0,0,0,472320482.0107382,0.14218121686490462,0.8578186306789737,NA,NA,0.8578186306789736,0.14218121686490462,0,0,0,NA
2023,5A,69558,64989,0,0,69558,0,0,0,0,27856,24942,0,0,75,69558,27856,0,70978553863.97821,0,32429262304,0,14610918977.633944,14621660505.996506,85619283772,4171463.05075755,6570065.311805855,484,0,0,0,0,0,85619283772,0,0,85619283772,4273999904.7171845,0.0908741711952615,NA,NA,17744638465.994553,17744638465.994553,0,3655415126.4991264,21404820943,4273999904.7171845,815083603.5328153,838390953.2217101,19830513.17949998,3476836.5093947453,53523153004.97938,53523153004.97938,0,8099918,2456075,565680,121841,0,2000,0,64563361410.3709,11025828646.059317,54,16,2,0,1,0,0,20,70997623266.0035,0.17077531908504723,0.8290019577013825,NA,NA,0.8290019577013825,0.17077531908504723,0,0,NA,NA
2023,5B,21944,21305,0,21944,0,0,0,0,0,10381,9716,0,0,32,21944,10381,0,12615610165.639515,0,6664937728,0,3857051447.519002,3868132219.32552,16475191948,97404.10436627656,10983367.702151641,20,0,0,16475191948,0,0,0,0,0,16475191948,896764814.9599018,0.09231432737878235,NA,NA,3153902541.4098787,0,3153902541.4098787,967033054.83138,4118797987,896764814.9599018,231898937.00009817,232050646.98601335,129524.69619587455,22185.289719308657,9513116235.654617,0,9513116235.654617,8355733,53450,16000,2000,0,2000,0,12423530368.1881,2916861803.287892,7,2,1,0,1,0,0,25,12607059728.67448,0.2347852596518665,0.7657337289579186,NA,NA,0.7657337289579186,0.2347852596518665,0,NA,0,NA
2023,6,2394,2364,0,2394,0,0,0,2394,780,780,713,2394,780,6,2394,780,8704660180,6861245350.070275,2885806470,2885806470,1843390415.0712104,1843390415.0712104,12139252878.423927,8704660180,0,4014763.120379273,1,0,0,8704660180,8704660180,2885806470,0,0,0,8704660180,207373087.93659878,0.102916328320802,NA,NA,686911080.9324347,0,686911080.9324347,1213925694.3398542,871252564,207373087.93659878,50027609.90340124,50098698.07184035,61000.53716852149,10087.631270594882,2071929893.416503,0,2071929893.416503,1210973,0,0,0,0,0,0,2627959108.7932,3661564071.8373027,0,0,0,0,0,0,0,6,-3434592698.4239273,1.394569417691378,0.7882266749292303,0.3315243111535228,0.21177052026759421,0.7884178587420888,1.3933109003049708,1,NA,1,0.3258145363408521
2023,7A,75,74,0,0,75,75,47,0,0,47,45,75,47,0,75,47,358189380,237897477.70547578,236328310,236328310,120291898.8012615,120291898.8012615,430684887.33215314,358189380,0,0,0,0,0,0,0,0,358189380,358189380,236328310,358189380,6753287.267423209,0.09450466666666667,NA,NA,26576941.4521869,26576941.4521869,0,45278687.95608469,38958202,6753287.267423209,3069135.5825767913,3094854.474846846,22046.57439375848,3672.3178762964612,80164028.50223134,80164028.50223134,0,0,0,0,0,0,0,0,117509624.69260001,136574106.48193827,0,0,0,0,0,0,0,0,-72495507.33215314,1.2023943516475926,0.6641667536471232,0.6597859210677882,0.33583323660031883,0.6821911712503288,1.1622376195925235,1,1,NA,0.6266666666666667
2023,7B,229,228,0,0,229,229,70,0,0,70,65,229,70,4,229,70,2600492213.3333335,1561298868.330942,1339208220,1339208220,1039193379.0830141,1039193379.0830141,3361947534.6673217,2600492213.3333335,0,106987.58965178087,0,0,0,0,0,0,2600492213.3333335,2600492213.3333335,1339208220,2600492213.3333335,35354571.86612322,0.08443266375545852,NA,NA,157287954.90319958,157287954.90319958,0,337075528.61164814,261310670,35354571.86612322,21492949.283876777,22171310.49936603,575661.4853916487,102699.73009760615,474427658.37452096,474427658.37452096,0,48406,0,0,0,0,0,0,788191373.921,1016720916.9513143,0,0,0,0,0,0,0,4,-761455321.3339882,1.2928119982170407,0.6003859039937888,0.5149825918084143,0.399614109111662,0.6019193739895872,1.2899416951158105,1,1,NA,0.3056768558951965
2023,8A,601,563,0,0,601,601,233,0,0,233,168,601,233,3,601,233,484216010,407331706.1328344,204434320,204434320,75339765.05979198,75339765.05979198,637901259.1418488,484216010,0,48970.59311076484,0,0,0,0,0,0,484216010,484216010,204434320,484216010,21095106.886823528,0.16571806988352744,NA,NA,44614458.8834169,44614458.8834169,0,65293253.63607366,52990938,21095106.886823528,3087057.8631764716,3087057.8631764716,0,0,134570592.3300504,134570592.3300504,0,14771,0,0,0,0,0,0,159836566.2894,196944040.94248897,0,0,0,0,0,0,0,3,-153685249.1418488,1.3173898548745813,0.8412189967300635,0.4221965316677571,0.1555912309875751,0.8419261965775525,1.2321588577291018,1,1,NA,0.3876871880199667
2023,8B,1243,1228,0,1243,0,0,0,1243,866,866,810,1243,866,7,1243,866,1052535330,594902670.665705,554775360,554775360,450897163.6059267,450897163.6059267,1343403319.589565,1052535330,0,152149.98508105957,0,0,0,1052535330,1052535330,554775360,0,0,0,1052535330,27993842.027255595,0.18611576025744167,NA,NA,59490267.066570505,0,59490267.066570505,134340331.9589565,105253533,27993842.027255595,25199647.262744404,25199647.262744404,0,0,179440492.55289662,0,179440492.55289662,45893,0,0,0,0,0,0,317476231.58790004,405210743.28780055,0,0,0,0,0,0,0,7,-290867989.58956504,1.2763498585739304,0.5652092178850708,0.5270847867881071,0.42839147604282957,0.565209217885071,1.2763498585739304,1,NA,1,0.6967015285599356
2023,9,956,956,0,0,0,0,0,0,0,512,450,0,0,0,0,0,0,736496826.9936377,0,422210120,0,192031755.97358674,192031755.97358674,958616790,0,0,3,0,0,0,0,0,0,0,0,0,17990828.93304277,0.08369870292887029,NA,NA,73649682.69936377,0,0,19203175.597358674,95861679,17990828.93304277,3924313.4469572334,4174320.132002645,212478.48120684613,37528.20383856555,222149537.92609096,0,0,0,0,0,0,0,0,0,289147582.36770004,57922538.554312974,0,0,0,0,0,0,0,0,766585034.0264132,0.20032171142504893,0.7682911823332843,NA,NA,0.7682911823332843,0.20032171142504893,0,NA,NA,NA
2024,0,93284,92387,0,0,0,0,0,0,0,35759,2,0,0,0,0,0,0,0,0,0,0,0,0,0,0,0,93279,0,0,0,0,0,0,0,0,0,14361.216994999999,0.09855157196475281,NA,NA,52479.75842356179,0,0,32861.65494609569,307439,14361.216994999999,7909.333005,7909.333005,0,0,159302.3066947218,0,0,0,0,0,0,0,0,0,933231.0845,99751.55358887344,0,0,0,0,0,0,0,0,0,NA,NA,NA,NA,0.1706997434403631,0.10688837442905971,0,NA,NA,NA
2024,1,61731,61623,0,0,0,0,0,0,0,21599,15341,0,0,0,0,0,0,4198926520.8884664,0,2389141250,0,1113782921.3964992,1113782921.3964992,5446604190,0,0,5029,0,0,0,0,0,0,0,0,0,111441499.98940177,0.10236138123325396,NA,NA,419892652.0888466,0,0,111378292.13964991,544660419,111441499.98940177,24311624.400598224,25321285.688546002,866205.0360207208,143456.2519270558,1274584145.415694,0,0,0,0,0,0,0,0,0,1653316701.8745,338088805.7899073,0,0,0,0,0,0,0,0,4332821268.6035,0.2044912540994647,0.7709255848988847,NA,NA,0.7709255848988847,0.2044912540994647,0,NA,NA,NA
2024,2,1587722,1149020,1587722,0,0,0,0,0,0,184172,158659,0,0,1005876,0,0,0,417785168811.0377,0,57158146720,0,25801076108.222256,81942456339.919,499767211980,56127802944.894936,0,24663,499767211980,499767211980,0,0,0,0,0,0,0,10691900683.578836,0.09113655584022268,6539.767766213054,7259.221981894389,41780428821.16036,0,0,8195104696.455363,49979487393,10691900683.578836,415114202.38116723,549635081.723451,115375820.30031642,19145059.04196731,126824491686.63232,0,0,17037622583.923,9982102136,2923206509,3266284151,21386694,60081280,420009356.923,151712733981.45148,24876240306.090366,1005366,366662,108056,593,30790,18,12180,0,417824755640.081,0.1639612491089116,0.8359595403544738,NA,NA,0.8359515273262291,0.16396936271105392,0,NA,NA,NA
2024,3,18958,18924,18958,0,0,0,0,0,0,5443,4864,0,0,5,0,0,0,43852385779.13446,0,16767153840,0,10138872450.331993,10139061289.073551,54074286640,188838.74155822766,0,29,54074286640,0,0,0,0,0,0,0,0,1041630772.5916319,0.08193285850828146,NA,NA,4385238577.913446,0,0,1013906128.9073551,5407428664,1041630772.5916319,176427625.0483681,219749551.789305,37068181.95915087,6253744.781786025,13311391703.256266,0,0,57322,49322,8000,0,0,0,0,16414249709.571999,3077712054.2982764,5,1,0,0,0,0,0,0,43935225350.92645,0.18750245114788908,0.810965590190437,NA,NA,0.810965590190437,0.18750245114788908,0,NA,NA,NA
2024,4,450,413,0,23,427,0,0,0,0,140,96,0,0,0,450,140,0,495823693.27390337,0,286875585,0,106040209.21435636,106040209.21435636,601863935,0,0,6,0,0,16571710,0,0,585292225,0,0,601863935,24321042.34985543,0.09308434302222222,NA,NA,99164738.65478069,95910142.40548319,3254596.249297492,21208041.84287127,120372787,24321042.34985543,3451084.540144571,4464519.301328,870226.2589480357,143208.50223539284,301014564.18658674,291135237.2718442,9879326.914742537,0,0,0,0,0,0,0,365391594.9385,64377011.01403575,0,0,0,0,0,0,0,0,495823725.78564364,0.17618634885367632,0.8238135971279013,NA,NA,0.8238135971279014,0.1761863488536763,0,0,0,NA
2024,5A,68813,64436,0,0,68813,0,0,0,0,25454,21802,0,0,58,68813,25454,0,69710806480.06105,0,30720749976,0,15394260529.03724,15407471018.248243,85156134688,13210489.21100313,0,509,0,0,0,0,0,85156134688,0,0,85156134688,4181007528.5150094,0.09120852469678695,NA,NA,17427701620.015263,17427701620.015263,0,3851867754.562061,21289033672,4181007528.5150094,819251646.8949903,869595209.330145,42931083.8982898,7412478.536864838,52901788267.55633,52901788267.55633,0,10025110,8158809,1761580,102721,0,2000,0,64622861711.355995,11692344568.973135,58,22,3,0,1,0,0,0,69748663669.75175,0.1809320147597003,0.8186234231446925,NA,NA,0.8186234231446925,0.1809320147597003,0,0,NA,NA
2024,5B,22477,21857,0,22477,0,0,0,0,0,10234,9475,0,0,8,22477,10234,0,13301758975.512928,0,7200083220,0,4692359430.407853,4692448235.54704,17996604740,88805.1391862955,0,40,0,0,17996604740,0,0,0,0,0,17996604740,947114359.8051865,0.09217648862837567,NA,NA,3325439743.878232,0,3325439743.878232,1173112058.88676,4499151185,947114359.8051865,274693256.2548135,275219635.178718,450371.2363486612,76007.68755586776,10094372342.542374,0,10094372342.542374,67392,59392,8000,0,0,0,0,13657173422.0675,3560981654.7507596,8,1,0,0,0,0,0,0,13304156504.452961,0.2607407510105176,0.7391260278083391,NA,NA,0.7391260278083391,0.2607407510105176,0,NA,0,NA
2024,6,2427,2383,0,2427,0,0,0,2427,778,778,601,2427,778,0,2427,778,9747786025,7610158528.353456,3121976440,3121976440,2138159522.1812742,2138159522.1812742,13553376984.808947,9747786025,0,0,1,0,0,9747786025,9747786025,3121976440,0,0,0,9747786025,236553260.90603012,0.10594733765966213,NA,NA,761017479.2275463,0,761017479.2275463,1355338105.078945,974780229,236553260.90603012,56947568.493969865,57123337.878535,150931.40607491572,24837.97849021686,2310068558.1952167,0,2310068558.1952167,0,0,0,0,0,0,0,2958945385.1295,4114128817.967137,0,0,0,0,0,0,0,0,-3805590959.8089466,1.3904056726367202,0.7807063582269652,0.32027543813468146,0.21934822088806305,0.780706724025633,1.3904037697495657,1,NA,1,0.32056036258755666
2024,7A,103,102,0,0,103,103,45,0,0,45,28,103,45,0,103,45,468038430,310586134.8262056,250674676.66666666,250674676.66666666,157452280.28131852,157452280.28131852,552318271.9608424,468038430,0,0,0,0,0,0,0,0,468038430,468038430,250674676.66666666,468038430,9476478.985167108,0.0968450549514563,NA,NA,35319406.11620764,35319406.11620764,0,58332417.04602289,51324697,9476478.985167108,3444326.904832891,3791341.2710760003,297634.5912256362,49379.77501747277,107212057.26574828,107212057.26574828,0,0,0,0,0,0,0,0,155796117.7435,177068051.94320247,0,0,0,0,0,0,0,0,-84279841.96084237,1.1800703458492552,0.6635910961973904,0.5355856711737681,0.3364088719836927,0.6881561544573295,1.136536997890565,1,1,NA,0.4368932038834951
2024,7B,289,288,0,0,289,289,87,0,0,87,59,289,87,0,289,87,3172185693.3333335,1738656488.5112805,1712364163.3333333,1712364163.3333333,1433528815.1871724,1433528815.1871724,4031244433.3287888,3172185693.3333335,0,0,21,0,0,0,0,0,3172185693.3333335,3172185693.3333335,1712364163.3333333,3172185693.3333335,39388991.75397362,0.0813902115916955,NA,NA,174481795.7286463,174481795.7286463,0,403630344.0697452,317929852,39388991.75397362,27574867.23602638,29541353.765774,1672821.1569680262,293665.37277959473,529639490.93430585,529639490.93430585,0,0,0,0,0,0,0,0,965076065.7459999,1225219909.4237115,0,0,0,0,0,0,0,0,-859058739.9954553,1.2708097264926368,0.5480941712098512,0.5398057771119888,0.4519057059616267,0.5488059539896439,1.269557864826563,1,1,NA,0.30103806228373703
2024,8A,641,603,0,0,641,641,269,0,0,269,154,641,269,0,641,269,506111295,405088276.0725217,242557120,242557120,99325049.95424925,99325049.95424925,660548911.6271824,506111295,0,0,0,0,0,0,0,0,506111295,506111295,242557120,506111295,22336030.170893,0.177528092199688,NA,NA,44221511.80212013,44221511.80212013,0,67608302.93760282,55121500,22336030.170893,4508825.359107,4508825.359107,0,0,134234399.07533565,134234399.07533565,0,0,0,0,0,0,0,0,167321313.25,205225003.56709334,0,0,0,0,0,0,0,0,-154437616.62718236,1.3051455641336405,0.8003936684964158,0.4792564844852949,0.19625139951529683,0.8022552325702336,1.226532350128404,1,1,NA,0.41965678627145087
2024,8B,1231,1216,0,1231,0,0,0,1231,905,905,771,1231,905,0,1231,905,1062864270,580523848.8722049,563984360,563984360,476889006.7402558,476889006.7402558,1347674780.0485632,1062864270,0,0,0,0,0,1062864270,1062864270,563984360,0,0,0,1062864270,28649245.669196,0.19682379401299757,NA,NA,58052384.8872205,0,58052384.8872205,134767478.00485632,106286427,28649245.669196,28200379.570804,28200379.570804,0,0,176218014.32515782,0,176218014.32515782,0,0,0,0,0,0,0,322632449.15849996,409086679.48374134,0,0,0,0,0,0,0,0,-284810510.04856324,1.2679650808551155,0.5461881307499451,0.5306268880409349,0.44868288473019774,0.5461881307499452,1.2679650808551153,1,NA,1,0.735174654752234
2024,9,941,941,0,0,0,0,0,0,0,490,406,0,0,0,0,0,0,855224476.8100625,0,518887840,0,232634823.93696558,232634823.93696558,1122795790,0,0,6,0,0,0,0,0,0,0,0,0,20212242.46957307,0.08203714403825717,NA,NA,85522447.68100625,0,0,23263482.39369656,112279579,20212242.46957307,4376310.040426932,4839285.224107,395996.8919148346,66978.29176523304,259603389.9356945,0,0,0,0,0,0,0,0,0,340824662.0545,70616300.8060659,0,0,0,0,0,0,0,0,890160966.0630344,0.20719246189635748,0.761691916221081,NA,NA,0.761691916221081,0.2071924618963575,0,NA,NA,NA
